Player,Name,Position,Team,Opp,Manager,PAT_Made,PAT_Miss,FG Made_0-19,FG Made_20-29,FG Made_30-39,FG Made_40-49,FG Made_50+,FG Miss_0-19,FG Miss_20-29,FG Miss_30-39,FG Miss_40-49,Fantasy_Points
Brandon Aubrey K - DAL,Brandon Aubrey,K,DAL,Bye,FA,,,,,,,,,,,,0.0
Mike Badgley K - DET,Mike Badgley,K,DET,MIA,W (Oct 4),3.0,,,1.0,,1.0,,,,,,0.0
Tyler Bass K - BUF,Tyler Bass,K,BUF,GB,Washington Fantasy Team,3.0,,,,1.0,1.0,,,,,,0.0
Rodrigo Blankenship K,Rodrigo Blankenship,K,,Bye,FA,,,,,,,,,,,,0.0
Chris Boswell K - PIT,Chris Boswell,K,PIT,@PHI,FA,,,,,,,,,,,,0.0
Tanner Brown K,Tanner Brown,K,,Bye,FA,,,,,,,,,,,,0.0
Randy Bullock K,Randy Bullock,K,,@HOU,FA,,,,,,,,,,,,0.0
Harrison Butker K - KC,Harrison Butker,K,KC,Bye,Boppard Raiders,,,,,,,,,,,,0.0
Anders Carlson K - GB,Anders Carlson,K,GB,Bye,W (Oct 4),,,,,,,,,,,,0.0
Daniel Carlson K - LV,Daniel Carlson,K,LV,@NO,Wbn Beasts,,,,,,,,,,,,0.0
Mason Crosby K,Mason Crosby,K,,@BUF,FA,,,,,,,,,,,,0.0
Cameron Dicker K - LAC,Cameron Dicker,K,LAC,Bye,FA,,,,,,,,,,,,0.0
Christopher Dunn K,Christopher Dunn,K,,Bye,FA,,,,,,,,,,,,0.0
Jake Elliott K - PHI,Jake Elliott,K,PHI,PIT,FA,5.0,,,,,,,,,,,0.0
Ka'imi Fairbairn K - HOU,Ka'imi Fairbairn,K,HOU,TEN,FA,1.0,,,,,1.0,,,,,,0.0
Nick Folk K - TEN,Nick Folk,K,TEN,@NYJ,FA,1.0,,,,1.0,3.0,1.0,,,,,0.0
Elliott Fry K,Elliott Fry,K,,Bye,FA,,,,,,,,,,,,0.0
Graham Gano K - NYG,Graham Gano,K,NYG,@SEA,Bad Wildcats Hunschat,1.0,,,,1.0,1.0,,,,,,0.0
Matt Gay K - IND,Matt Gay,K,IND,WAS,FA,2.0,,,,,,,,,,,0.0
Zane Gonzalez K Q,Zane Gonzalez K,Q,,@LA,FA,,,,,,,,,,,,0.0
Robbie Gould K,Robbie Gould,K,,@LA,FA,,,,,,,,,,,,0.0
Blake Grupe K - NO,Blake Grupe,K,NO,Bye,FA,,,,,,,,,,,,0.0
Stephen Hauschka K,Stephen Hauschka,K,,Bye,FA,,,,,,,,,,,,0.0
Lucas Havrisik K - CLE,Lucas Havrisik,K,CLE,Bye,FA,,,,,,,,,,,,0.0
Dustin Hopkins K - CLE,Dustin Hopkins,K,CLE,Bye,FA,,,,,,,,,,,,0.0
Younghoe Koo K - ATL,Younghoe Koo,K,ATL,CAR,FA,4.0,,,,2.0,1.0,,,,,,0.0
Josh Lambo K,Josh Lambo,K,,Bye,FA,,,,,,,,,,,,0.0
Wil Lutz K - DEN,Wil Lutz,K,DEN,LV,FA,3.0,,,,1.0,,,,,1.0,,0.0
Brett Maher K - LA,Brett Maher,K,LA,CHI,FlyRamsFly,,,,,,,,,,,,0.0
James McCourt K,James McCourt,K,,DEN,FA,,,,,,,,,,,,0.0
Chase McLaughlin K - TB,Chase McLaughlin,K,TB,BAL,FA,1.0,,,1.0,1.0,1.0,,,,,,0.0
Brandon McManus K - JAX,Brandon McManus,K,JAX,@JAX,FA,3.0,,,,,,,,,,,0.0
Evan McPherson K - CIN,Evan McPherson,K,CIN,@CLE,St Quintin Heidschnucken,1.0,1.0,,,,,,,,,1.0,0.0
Jake Moody K - SF,Jake Moody,K,SF,Bye,Magic Eulers,,,,,,,,,,,,0.0
Jason Myers K - SEA,Jason Myers,K,SEA,NYG,Slay,3.0,,,,1.0,,1.0,,,,,0.0
Riley Patterson K - DET View News,Riley Patterson,K,DET,DEN,Koblenz 87ers,2.0,,,,1.0,,,,,,,0.0
Eddy Pineiro K - CAR,Eddy Pineiro,K,CAR,@ATL,Slay,2.0,1.0,,,1.0,1.0,,,,1.0,,0.0
Jack Podlesny K,Jack Podlesny,K,,Bye,FA,,,,,,,,,,,,0.0
B.T. Potter K,B.T. Potter,K,,Bye,FA,,,,,,,,,,,,0.0
Matt Prater K - ARI,Matt Prater,K,ARI,@MIN,Alta Villa Cardinals,2.0,,,,1.0,1.0,,,,,,0.0
Alex Quevedo K,Alex Quevedo,K,,Bye,FA,,,,,,,,,,,,0.0
John Parker Romo K - CHI,John Parker Romo,K,CHI,Bye,FA,,,,,,,,,,,,0.0
Chad Ryland K - NE,Chad Ryland,K,NE,Bye,FA,,,,,,,,,,,,0.0
Jason Sanders K - MIA,Jason Sanders,K,MIA,@DET,dirty birds,4.0,,,,,1.0,,,,,,0.0
Cairo Santos K - CHI,Cairo Santos,K,CHI,@DAL,FA,2.0,,,,1.0,,,,,,,0.0
Austin Seibert K - NYJ,Austin Seibert,K,NYJ,Bye,FA,,,,,,,,,,,,0.0
Caleb Shudak K,Caleb Shudak,K,,@HOU,FA,,,,,,,,,,,,0.0
Joey Slye K - WAS,Joey Slye,K,WAS,@IND,FA,2.0,,,1.0,,,,,,,,0.0
Ryan Succop K,Ryan Succop,K,,BAL,FA,,,,,,,,,,,,0.0
Andre Szmyt K,Andre Szmyt,K,,Bye,FA,,,,,,,,,,,,0.0
Matthew Trickett K,Matthew Trickett,K,,Bye,FA,,,,,,,,,,,,0.0
Justin Tucker K - BAL,Justin Tucker,K,BAL,@TB,dirty birds,3.0,,,1.0,1.0,,,,,,,0.0
Jake Verity K,Jake Verity,K,,BAL,FA,,,,,,,,,,,,0.0
Tristan Vizcaino K,Tristan Vizcaino,K,,CHI,FA,,,,,,,,,,,,0.0
Parker White K,Parker White,K,,Bye,FA,,,,,,,,,,,,0.0
Trey Wolff K,Trey Wolff,K,,Bye,FA,,,,,,,,,,,,0.0
Cade York K - TEN,Cade York,K,TEN,CIN,FA,3.0,,,,,,1.0,,,,,0.0
Greg Zuerlein K - NYJ,Greg Zuerlein,K,NYJ,NE,GLADIATORS of NORSCHT,2.0,,,1.0,,,,,,,1.0,0.0
