Player,Name,Position,Team,Opp,Manager,Tackles_Tot,Tackles_Ast,Tackles_Sck,Tackles_TFL,Turnover_Int,Turnover_Frc Fum,Turnover_Fum Rec,Score_Int TD,Score_FumTD,Score_Blk TD,Score_Saf,Score_Def 2pt Ret,Other_Blk,Other_PDef,Other_QB Hit,Return_Int Yds,Fantasy_Points
Montravius Adams DL - PIT,Montravius Adams,DL,PIT,NE,FA,,1.0,,,,,,,,,,,,,,,0.0
Myles Adams DL - SEA,Myles Adams,DL,SEA,@SF,FA,,,,,,,,,,,,,,,,,0.0
Adetomiwa Adebawore DL - IND,Adetomiwa Adebawore,DL,IND,Bye,FA,,,,,,,,,,,,,,,,,0.0
Jayson Ademilola DL,Jayson Ademilola,DL,,Bye,FA,,,,,,,,,,,,,,,,,0.0
McTelvin Agim DL - IND,McTelvin Agim,DL,IND,@JAX,FA,,,,,,,,,,,,,,,,,0.0
Junior Aho DL - MIN,Junior Aho,DL,MIN,Bye,FA,,,,,,,,,,,,,,,,,0.0
Jonathan Allen DL - WAS,Jonathan Allen,DL,WAS,@DET,Koblenz 87ers,,3.0,,,,,,,,,,,,,,,0.0
Zach Allen DL - DEN,Zach Allen,DL,DEN,HOU,Slay,1.0,1.0,,,,,,,,,,,,1.0,2.0,,0.0
Bradlee Anae DL - NYJ IR,Bradlee Anae,DL,NYJ,@CLE,FA,,,,,,,,,,,,,,,,,0.0
Abdullah Anderson DL - WAS,Abdullah Anderson,DL,WAS,Bye,FA,,,,,,,,,,,,,,,,,0.0
Henry Anderson DL - CAR IR,Henry Anderson,DL,CAR,@NYG,FA,2.0,1.0,,,,,,,,,,,,,1.0,,0.0
Ryder Anderson DL - NYG,Ryder Anderson,DL,NYG,Bye,FA,,,,,,,,,,,,,,,,,0.0
Will Anderson Jr. DL - HOU,Will Anderson Jr.,DL,HOU,Bye,St Quintin Heidschnucken,,,,,,,,,,,,,,,,,0.0
David Anenih DL,David Anenih,DL,,Bye,FA,,,,,,,,,,,,,,,,,0.0
Eli Ankou DL - BUF,Eli Ankou,DL,BUF,TEN,FA,,,,,,,,,,,,,,,,,0.0
Felix Anudike-Uzomah DL - KC,Felix,Anudike,Uzomah,Bye,FA,,,,,,,,,,,,,,,,,0.0
Arik Armstead DL - SF,Arik Armstead,DL,SF,SEA,FA,1.0,,,,,,,,,,,,,,,,0.0
Dorance Armstrong DL - DAL,Dorance Armstrong,DL,DAL,CIN,FA,2.0,,2.0,2.0,,,,,,,,,,,2.0,,0.0
Denico Autry DL - TEN Q View News,Denico Autry,DL,TEN,@BUF,Magic Eulers,1.0,1.0,1.0,1.0,,,,,,,,,,1.0,2.0,,0.0
Calvin Avery DL,Calvin Avery,DL,,Bye,FA,,,,,,,,,,,,,,,,,0.0
David Bada DL - WAS IR,David Bada,DL,WAS,@DET,FA,,,,,,,,,,,,,,,,,0.0
Eric Banks DL - ARI,Eric Banks,DL,ARI,@LV,FA,,,,,,,,,,,,,,,,,0.0
Christian Barmore DL - NE Q,Christian Barmore,DL,NE,@PIT,FA,1.0,1.0,1.0,1.0,,,,,,,,,,,1.0,,0.0
Derek Barnett DL - PHI,Derek Barnett,DL,PHI,MIN,FA,,,,,,,,,,,,,,,,,0.0
Amare Barno DL - CAR,Amare Barno,DL,CAR,@NYG,FA,,,,,,,,,,,,,,,,,0.0
Carlos Basham DL - NYG,Carlos Basham,DL,NYG,TEN,FA,,1.0,,,,,1.0,,,,,,,,,,0.0
Travis Bell DL - CHI,Travis Bell,DL,CHI,Bye,FA,,,,,,,,,,,,,,,,,0.0
Keeanu Benton DL - PIT,Keeanu Benton,DL,PIT,Bye,FA,,,,,,,,,,,,,,,,,0.0
Andrew Billings DL - CHI,Andrew Billings,DL,CHI,@GB,FA,1.0,2.0,,,,,,,,,,,,,,,0.0
Ross Blacklock DL - JAX,Ross Blacklock,DL,JAX,@PHI,FA,1.0,,,1.0,,,,,,,,,,,,,0.0
Angelo Blackson DL - JAX,Angelo Blackson,DL,JAX,@GB,FA,,,,,,,,,,,,,,,,,0.0
Quinton Bohanna DL - DET,Quinton Bohanna,DL,DET,CIN,W (Oct 4),,2.0,,,,,,,,,,,,,,,0.0
Thomas Booker DL - PHI,Thomas Booker,DL,PHI,@DEN,FA,1.0,,,,,,,,,,,,,,,,0.0
Nick Bosa DL - SF,Nick Bosa,DL,SF,SEA,Magic Eulers,4.0,,2.0,2.0,,,,,,,,,,,5.0,,0.0
Trey Botts DL,Trey Botts,DL,,Bye,FA,,,,,,,,,,,,,,,,,0.0
Will Bradley-King DL - WAS,Will,Bradley,King,@DET,FA,,,,,,,,,,,,,,,,,0.0
Bryan Bresee DL - NO,Bryan Bresee,DL,NO,Bye,FA,,,,,,,,,,,,,,,,,0.0
C.J. Brewer DL - TB,C.J. Brewer,DL,TB,Bye,FA,,,,,,,,,,,,,,,,,0.0
Josiah Bronson DL,Josiah Bronson,DL,,@BAL,FA,,,,,,,,,,,,,,,,,0.0
Curtis Brooks DL - WAS IR,Curtis Brooks,DL,WAS,@BUF,FA,,,,,,,,,,,,,,,,,0.0
Karl Brooks DL - GB,Karl Brooks,DL,GB,Bye,W (Oct 4),,,,,,,,,,,,,,,,,0.0
Cortez Broughton DL,Cortez Broughton,DL,,TEN,FA,,,,,,,,,,,,,,,,,0.0
Andrew Brown DL,Andrew Brown,DL,,@GB,FA,,,,,,,,,,,,,,,,,0.0
Bobby Brown III DL - LA,Bobby Brown III,DL,LA,ATL,FA,,,,,,,,,,,,,,,,,0.0
Derrick Brown DL - CAR,Derrick Brown,DL,CAR,@NYG,Wbn Beasts,1.0,3.0,,,,,,,,,,,,1.0,1.0,,0.0
Earnest Brown IV DL - LA,Earnest Brown IV,DL,LA,ATL,FA,,,,,,,,,,,,,,,,,0.0
Shakel Brown DL - TEN IR,Shakel Brown,DL,TEN,Bye,FA,,,,,,,,,,,,,,,,,0.0
Taven Bryan DL - IND,Taven Bryan,DL,IND,@JAX,FA,,1.0,,,,,,,,,,,,,1.0,,0.0
Austin Bryant DL - SF,Austin Bryant,DL,SF,SEA,FA,,,,,,,,,,,,,,,,,0.0
Brandin Bryant DL,Brandin Bryant,DL,,TEN,FA,1.0,,,,,,,,,,,,,,,,0.0
Isaiah Buggs DL - DET,Isaiah Buggs,DL,DET,Bye,W (Oct 4),,,,,,,,,,,,,,,,,0.0
Jonathan Bullard DL - MIN,Jonathan Bullard,DL,MIN,Bye,FA,,,,,,,,,,,,,,,,,0.0
LaTrell Bumphus DL - SEA IR,LaTrell Bumphus,DL,SEA,Bye,FA,,,,,,,,,,,,,,,,,0.0
Brian Burns DL - CAR,Brian Burns,DL,CAR,@NYG,Magic Eulers,4.0,,2.0,2.0,,,,,,,,,,,4.0,,0.0
Adam Butler DL - LV,Adam Butler,DL,LV,ARI,FA,,,,,,,,,,,,,,,,,0.0
Matthew Butler DL - LV,Matthew Butler,DL,LV,ARI,FA,,,,,,,,,,,,,,,,,0.0
Vernon Butler DL Q,Vernon Butler DL,Q,,CAR,FA,,,,,,,,,,,,,,,,,0.0
Kai Caesar DL,Kai Caesar,DL,,Bye,FA,,,,,,,,,,,,,,,,,0.0
Jerron Cage DL,Jerron Cage,DL,,Bye,FA,,,,,,,,,,,,,,,,,0.0
Calais Campbell DL - ATL,Calais Campbell,DL,ATL,@LA,GLADIATORS of NORSCHT,,2.0,,,,,,,,,,,,,,,0.0
Jalen Carter DL - PHI,Jalen Carter,DL,PHI,Bye,FA,,,,,,,,,,,,,,,,,0.0
Zachary Carter DL - CIN,Zachary Carter,DL,CIN,@DAL,FA,,,,,,,,,,,,,,,,,0.0
Jerrod Clark DL - LAC,Jerrod Clark,DL,LAC,Bye,FA,,,,,,,,,,,,,,,,,0.0
Kenny Clark DL - GB,Kenny Clark,DL,GB,CHI,W (Oct 4),,1.0,,,,,,,,,,,,,1.0,,0.0
Micheal Clemons DL - NYJ,Micheal Clemons,DL,NYJ,@CLE,FA,,1.0,,,,,,,,,,,,,1.0,,0.0
Keondre Coburn DL - KC,Keondre Coburn,DL,KC,Bye,FA,,,,,,,,,,,,,,,,,0.0
L.J. Collier DL - ARI IR,L.J. Collier,DL,ARI,@LV,FA,,,,,,,,,,,,,,,,,0.0
Maliek Collins DL - HOU,Maliek Collins,DL,HOU,@DEN,FA,,1.0,,,,,,,,,,,,,,,0.0
Robert Cooper DL,Robert Cooper,DL,,Bye,FA,,,,,,,,,,,,,,,,,0.0
Marquise Copeland DL - LA,Marquise Copeland,DL,LA,ATL,FA,1.0,,,,,,,,,,,,,,,,0.0
Christian Covington DL - LAC,Christian Covington,DL,LAC,@KC,FA,,,,,,,,,,,,,,,,,0.0
Byron Cowart DL - MIA,Byron Cowart,DL,MIA,LAC,FA,1.0,,,1.0,,,,,,,,,,,,,0.0
Fletcher Cox DL - PHI,Fletcher Cox,DL,PHI,MIN,FA,,,,,,,,,,,,,,,,,0.0
Maxx Crosby DL - LV Q View News,Maxx Crosby,DL,LV,ARI,Bad Wildcats Hunschat,1.0,3.0,1.0,1.0,,,,,,,,,,,2.0,,0.0
DJ Dale DL,DJ Dale,DL,,Bye,FA,,,,,,,,,,,,,,,,,0.0
Michael Danna DL - KC,Michael Danna,DL,KC,LAC,FA,,,,,,,,,,,,,,,1.0,,0.0
DJ Davidson DL - NYG Q,DJ Davidson,DL,NYG,CAR,FA,,1.0,,,,,,,,,,,,,,,0.0
Carl Davis DL - SEA,Carl Davis,DL,SEA,@PIT,FA,,,,,,,,,,,,,,,,,0.0
Carlos Davis DL,Carlos Davis,DL,,NE,FA,,,,,,,,,,,,,,,,,0.0
Domenique Davis DL - CIN,Domenique Davis,DL,CIN,Bye,FA,,,,,,,,,,,,,,,,,0.0
Jordan Davis DL - PHI,Jordan Davis,DL,PHI,MIN,FA,,,,,,,,,,,,,,,,,0.0
Kalia Davis DL - SF,Kalia Davis,DL,SF,SEA,FA,,,,,,,,,,,,,,,,,0.0
Raekwon Davis DL - MIA,Raekwon Davis,DL,MIA,@BAL,FA,,2.0,,,,,,,,,,,,,,,0.0
Sheldon Day DL - MIN,Sheldon Day,DL,MIN,@PHI,FA,,,,,,,,,,,,,,,,,0.0
Gervon Dexter Sr. DL - CHI,Gervon Dexter Sr.,DL,CHI,Bye,FA,,,,,,,,,,,,,,,,,0.0
Matt Dickerson DL - KC,Matt Dickerson,DL,KC,@LA,FA,,,,,,,,,,,,,,,,,0.0
Michael Dogbe DL,Michael Dogbe,DL,,Bye,FA,,,,,,,,,,,,,,,,,0.0
Aaron Donald DL - LA,Aaron Donald,DL,LA,ATL,Washington Fantasy Team,,2.0,,,,,1.0,,,,,,,,1.0,,0.0
Cory Durden DL - LA,Cory Durden,DL,LA,Bye,FA,,,,,,,,,,,,,,,,,0.0
Michael Dwumfour DL - HOU,Michael Dwumfour,DL,HOU,NYJ,FA,1.0,,,,,,,,,,,,,,,,0.0
Mario Edwards DL - SEA,Mario Edwards,DL,SEA,@BUF,FA,,,,,,,,,,,,,,,,,0.0
Daniel Ekuale DL - NE IR,Daniel Ekuale,DL,NE,@PIT,FA,,,,,,,,,,,,,,,,,0.0
Jordan Elliott DL - CLE,Jordan Elliott,DL,CLE,NYJ,FA,,1.0,,,,,,,,,,,,,,,0.0
Noah Elliss DL Q,Noah Elliss DL,Q,,MIN,FA,,,,,,,,,,,,,,,,,0.0
Prince Emili DL,Prince Emili,DL,,Bye,FA,,,,,,,,,,,,,,,,,0.0
Ikenna Enechukwu DL - ATL IR,Ikenna Enechukwu,DL,ATL,Bye,FA,,,,,,,,,,,,,,,,,0.0
A.J. Epenesa DL - BUF,A.J. Epenesa,DL,BUF,TEN,GLADIATORS of NORSCHT,1.0,1.0,,,,,,,,,,,,,,,0.0
Austin Faoliu DL - SEA PUP,Austin Faoliu,DL,SEA,Bye,FA,,,,,,,,,,,,,,,,,0.0
Neil Farrell DL - KC,Neil Farrell,DL,KC,ARI,FA,,,,,,,,,,,,,,,,,0.0
Foley Fatukasi DL - JAX Q View News,Foley Fatukasi,DL,JAX,IND,FA,1.0,,,,,,,,,,,,,1.0,,,0.0
Clelin Ferrell DL - SF,Clelin Ferrell,DL,SF,SEA,FA,,1.0,,,,,,,,,,,,,,,0.0
Leonard Floyd DL - BUF,Leonard Floyd,DL,BUF,ATL,Alta Villa Cardinals,,,,,,,,,,,,,,,,,0.0
Jonathan Ford DL - GB,Jonathan Ford,DL,GB,CHI,W (Oct 4),,,,,,,,,,,,,,,,,0.0
Poona Ford DL - BUF,Poona Ford,DL,BUF,TEN,FA,2.0,,,,,,,,,,,,,,,,0.0
Isaiah Foskey DL - NO,Isaiah Foskey,DL,NO,Bye,FA,,,,,,,,,,,,,,,,,0.0
Leki Fotu DL - ARI,Leki Fotu,DL,ARI,@LV,FA,,1.0,,,,,,,,,,,,,,,0.0
Dante Fowler Jr. DL - DAL,Dante Fowler Jr.,DL,DAL,CIN,FA,1.0,1.0,1.0,,,1.0,,,,,,,,1.0,1.0,,0.0
Morgan Fox DL - LAC,Morgan Fox,DL,LAC,Bye,FA,,,,,,,,,,,,,,,,,0.0
John Franklin-Myers DL - NYJ,John,Franklin,Myers,@CLE,FA,,,,,,,,,,,,,,,1.0,,0.0
Greg Gaines DL - TB,Greg Gaines,DL,TB,@NO,FA,2.0,1.0,,,,,,,,,,,,,,,0.0
Neville Gallimore DL - DAL,Neville Gallimore,DL,DAL,CIN,FA,,1.0,,,,,,,,,,,,,,,0.0
Elijah Garcia DL - DEN,Elijah Garcia,DL,DEN,HOU,FA,,,,,,,,,,,,,,,,,0.0
Myles Garrett DL - CLE,Myles Garrett,DL,CLE,NYJ,St Quintin Heidschnucken,1.0,,1.0,1.0,,,,,,,,,,,2.0,,0.0
Joe Gaziano DL - ATL,Joe Gaziano,DL,ATL,@LA,FA,,,,,,,,,,,,,,,,,0.0
Kevin Givens DL - SF,Kevin Givens,DL,SF,SEA,FA,3.0,1.0,,3.0,,,,,,,,,,,,,0.0
Davon Godchaux DL - NE Q View News,Davon Godchaux,DL,NE,@PIT,Koblenz 87ers,,2.0,,,,,,,,,,,,,,,0.0
Eddie Goldman DL EXE,Eddie Goldman DL,EXE,,Bye,FA,,,,,,,,,,,,,,,,,0.0
Chauncey Golston DL - DAL,Chauncey Golston,DL,DAL,CIN,FA,,,,,,,,,,,,,,,,,0.0
Adam Gotsis DL - JAX,Adam Gotsis,DL,JAX,IND,FA,2.0,,1.0,1.0,,,,,,,,,,,3.0,,0.0
Brandon Graham DL - PHI,Brandon Graham,DL,PHI,MIN,GLADIATORS of NORSCHT,1.0,1.0,,,,,,,,,,,,,,,0.0
Ta'Quon Graham DL - ATL,Ta'Quon Graham,DL,ATL,@LA,FA,,4.0,,,,,,,,,,,,,2.0,,0.0
Carl Granderson DL - NO,Carl Granderson,DL,NO,TB,dirty birds,1.0,2.0,,1.0,,,,,,,,,,,,,0.0
Rasheem Green DL - CHI,Rasheem Green,DL,CHI,@GB,FA,3.0,2.0,1.5,1.0,,,,,,,,,,,2.0,,0.0
Jonathan Greenard DL - HOU,Jonathan Greenard,DL,HOU,@DEN,FA,1.0,,1.0,1.0,,,,,,,,,,,2.0,,0.0
Mike Greene DL - TB,Mike Greene,DL,TB,Bye,FA,,,,,,,,,,,,,,,,,0.0
Yetur Gross-Matos DL - CAR,Yetur,Gross,Matos,@NYG,FA,1.0,2.0,,,,,,,,,,,,,,,0.0
Jeffrey Gunter DL - CIN,Jeffrey Gunter,DL,CIN,@DAL,FA,,,,,,,,,,,,,,,,,0.0
Lawrence Guy DL - NE,Lawrence Guy,DL,NE,@PIT,FA,2.0,2.0,,,,,,,,,,,,,,,0.0
Logan Hall DL - TB,Logan Hall,DL,TB,@NO,FA,,,,,,,,,,,,,,,,,0.0
DaVon Hamilton DL - JAX IR,DaVon Hamilton,DL,JAX,IND,FA,1.0,,,,,,,,,,,,,,,,0.0
La'Darius Hamilton DL,La'Darius Hamilton,DL,,CHI,FA,,,,,,,,,,,,,,,,,0.0
Johnathan Hankins DL - DAL,Johnathan Hankins,DL,DAL,CIN,FA,,2.0,,,,,,,,,,,,1.0,,,0.0
Javon Hargrave DL - SF,Javon Hargrave,DL,SF,SEA,Wbn Beasts,,1.0,,,,,,,,,,,,,1.0,,0.0
Charles Harris DL - DET,Charles Harris,DL,DET,WAS,Boppard Raiders,1.0,1.0,1.0,,,1.0,,,,,,,,,2.0,,0.0
Demone Harris DL - ATL,Demone Harris,DL,ATL,@DEN,FA,,,,,,,,,,,,,,,,,0.0
Jonathan Harris DL - DEN,Jonathan Harris,DL,DEN,HOU,FA,,,,,,,,,,,,,,,,,0.0
Zach Harrison DL - ATL,Zach Harrison,DL,ATL,Bye,FA,,,,,,,,,,,,,,,,,0.0
Marquis Haynes DL - CAR IR,Marquis Haynes,DL,CAR,@NYG,FA,1.0,3.0,,,,,,,,,,,,,1.0,,0.0
Jack Heflin DL - NO,Jack Heflin,DL,NO,Bye,FA,,,,,,,,,,,,,,,,,0.0
Trey Hendrickson DL - CIN,Trey Hendrickson,DL,CIN,@DAL,Washington Fantasy Team,1.0,,,1.0,,,,,,,,,,,1.0,,0.0
Matt Henningsen DL - DEN,Matt Henningsen,DL,DEN,HOU,FA,1.0,,,1.0,,,,,,,,,,,,,0.0
Malik Herring DL - KC,Malik Herring,DL,KC,LAC,FA,,,,,,,,,,,,,,,,,0.0
Cameron Heyward DL - PIT IR,Cameron Heyward,DL,PIT,NE,FA,3.0,2.0,,,,,,,,,,,,1.0,,,0.0
B.J. Hill DL - CIN,B.J. Hill,DL,CIN,@DAL,FA,,,,,,,,,,,,,,,,,0.0
Trysten Hill DL,Trysten Hill,DL,,NYJ,FA,,,,,,,,,,,,,,,,,0.0
Kurt Hinish DL - HOU,Kurt Hinish,DL,HOU,Bye,FA,,,,,,,,,,,,,,,,,0.0
Christopher Hinton DL - LAC,Christopher Hinton,DL,LAC,Bye,FA,,,,,,,,,,,,,,,,,0.0
Michael Hoecht DL - LA,Michael Hoecht,DL,LA,ATL,FA,,,,,,,,,,,,,,,,,0.0
Jalyn Holmes DL - NYJ,Jalyn Holmes,DL,NYJ,Bye,FA,,,,,,,,,,,,,,,,,0.0
Timmy Horne DL - ATL,Timmy Horne,DL,ATL,Bye,FA,,,,,,,,,,,,,,,,,0.0
Sam Hubbard DL - CIN,Sam Hubbard,DL,CIN,@DAL,FlyRamsFly,3.0,1.0,1.0,2.0,,,,,,,,,,1.0,2.0,,0.0
Bryce Huff DL - NYJ,Bryce Huff,DL,NYJ,@CLE,FA,,,,,,,,,,,,,,,,,0.0
Albert Huggins DL - ATL,Albert Huggins,DL,ATL,TB,FA,,,,,,,,,,,,,,,,,0.0
Jerry Hughes DL - HOU,Jerry Hughes,DL,HOU,@DEN,FA,,,,,,,,,,,,,,,,,0.0
Maurice Hurst DL - CLE,Maurice Hurst,DL,CLE,NYJ,FA,,,,,,,,,,,,,,,,,0.0
Aidan Hutchinson DL - DET View News,Aidan Hutchinson,DL,DET,WAS,Washington Fantasy Team,5.0,1.0,3.0,2.0,,,,,,,,,,,3.0,,0.0
Kerry Hyder DL - SF,Kerry Hyder,DL,SF,SEA,FA,,,,,,,,,,,,,,,,,0.0
Siaki Ika DL - CLE,Siaki Ika,DL,CLE,Bye,FA,,,,,,,,,,,,,,,,,0.0
Melvin Ingram DL,Melvin Ingram,DL,,@BAL,FA,,,,,,,,,,,,,,,,,0.0
Bruce Irvin DL,Bruce Irvin,DL,,Bye,FA,,,,,,,,,,,,,,,,,0.0
Drake Jackson DL - SF,Drake Jackson,DL,SF,SEA,St Quintin Heidschnucken,,1.0,0.5,,,,,,,,,,,,1.0,,0.0
Jordan Jackson DL - DEN,Jordan Jackson,DL,DEN,HOU,FA,,,,,,,,,,,,,,,,,0.0
Tarron Jackson DL - PHI,Tarron Jackson,DL,PHI,MIN,FA,,,,,,,,,,,,,,,,,0.0
Grady Jarrett DL - ATL,Grady Jarrett,DL,ATL,@LA,dirty birds,,,,,,,,,,,,,,,,,0.0
Quinton Jefferson DL - NYJ,Quinton Jefferson,DL,NYJ,@CLE,FA,,2.0,,,,,,,,,,,,,,,0.0
John Jenkins DL - LV,John Jenkins,DL,LV,ARI,FA,,,,,,,,,,,,,,,,,0.0
Donovan Jeter DL,Donovan Jeter,DL,,@GB,FA,1.0,,,,,,,,,,,,,,,,0.0
Austin Johnson DL - LAC,Austin Johnson,DL,LAC,@KC,FA,,1.0,,,,,,,,,,,,,,,0.0
Eric Johnson DL - IND,Eric Johnson,DL,IND,@JAX,FA,,,,,,,,,,,,,,,,,0.0
Jaleel Johnson DL - TEN,Jaleel Johnson,DL,TEN,@LA,FA,,,,,,,,,,,,,,,,,0.0
Jermaine Johnson II DL - NYJ,Jermaine Johnson II,DL,NYJ,@CLE,FA,,2.0,,,,,,,,,,,,,,,0.0
Raymond Johnson III DL - DET,Raymond Johnson III,DL,DET,@DAL,W (Oct 4),,,,,,,,,,,,,,,,,0.0
Kingsley Jonathan DL - BUF,Kingsley Jonathan,DL,BUF,Bye,FA,,,,,,,,,,,,,,,,,0.0
Benito Jones DL - DET,Benito Jones,DL,DET,WAS,W (Oct 4),,1.0,,,,,,,,,,,,,,,0.0
Chandler Jones DL - LV NFI-R View News,Chandler Jones,DL,LV,ARI,Wbn Beasts,2.0,1.0,,,,,,,,,,,,,2.0,,0.0
D.J. Jones DL - DEN,D.J. Jones,DL,DEN,HOU,FA,2.0,1.0,,,,,,,,,,,,,,,0.0
DaQuan Jones DL - BUF,DaQuan Jones,DL,BUF,TEN,FA,1.0,,,,,,,,,,,,,,,,0.0
Dre'Mont Jones DL - SEA Q,Dre'Mont Jones,DL,SEA,@SF,Bad Wildcats Hunschat,4.0,2.0,2.0,1.0,,1.0,,,,,,,,,1.0,,0.0
Justin Jones DL - CHI,Justin Jones,DL,CHI,@GB,FA,5.0,3.0,,2.0,,,,,,,,,,,,,0.0
Manny Jones DL - NE,Manny Jones,DL,NE,Bye,FA,,,,,,,,,,,,,,,,,0.0
Naquan Jones DL - TEN,Naquan Jones,DL,TEN,@BUF,FA,2.0,2.0,,,,,,,,,,,,,,,0.0
Patrick Jones II DL - MIN,Patrick Jones II,DL,MIN,@PHI,FA,2.0,,,1.0,,,,,,,,,,,,,0.0
Travis Jones DL - BAL,Travis Jones,DL,BAL,MIA,FA,,,,,,,,,,,,,,,,,0.0
Cameron Jordan DL - NO,Cameron Jordan,DL,NO,TB,Alta Villa Cardinals,1.0,2.0,,1.0,,,,,,,,,,,,,0.0
Sebastian Joseph-Day DL - LAC,Sebastian,Joseph,Day,@KC,Slay,2.0,2.0,,,,,,,,,,,,,,,0.0
Joshua Kaindoh DL,Joshua Kaindoh,DL,,LAC,FA,,,,,,,,,,,,,,,,,0.0
Calijah Kancey DL - TB O View News,Calijah Kancey,DL,TB,Bye,FA,,,,,,,,,,,,,,,,,0.0
Khalid Kareem DL - CHI IR,Khalid Kareem,DL,CHI,@JAX,FA,,,,,,,,,,,,,,,,,0.0
George Karlaftis DL - KC,George Karlaftis,DL,KC,LAC,FA,1.0,,,,,,,,,,,,,1.0,1.0,,0.0
Carlo Kemp DL,Carlo Kemp,DL,,Bye,FA,,,,,,,,,,,,,,,,,0.0
Javon Kinlaw DL - SF,Javon Kinlaw,DL,SF,SEA,FA,1.0,,,,,,,,,,,,,,,,0.0
Malcolm Koonce DL - LV Q,Malcolm Koonce,DL,LV,ARI,FA,,,,,,,,,,,,,,,,,0.0
Tyler Lancaster DL - DEN,Tyler Lancaster,DL,DEN,Bye,FA,,,,,,,,,,,,,,,,,0.0
Demarcus Lawrence DL - DAL,Demarcus Lawrence,DL,DAL,CIN,FlyRamsFly,3.0,4.0,,,,,,,,,,,,,,,0.0
Dexter Lawrence DL - NYG,Dexter Lawrence,DL,NYG,CAR,FlyRamsFly,2.0,3.0,,,,1.0,,,,,,,,,1.0,,0.0
Rashard Lawrence DL - MIA,Rashard Lawrence,DL,MIA,@LV,FA,1.0,1.0,,1.0,,,,,,,,,,,,,0.0
Carl Lawson DL - NYJ,Carl Lawson,DL,NYJ,@CLE,FA,1.0,1.0,0.5,,,,,,,,,,,,1.0,,0.0
Shaq Lawson DL - BUF,Shaq Lawson,DL,BUF,TEN,FA,1.0,,,,,,,,,,,,,,,,0.0
DeMarvin Leal DL - PIT,DeMarvin Leal,DL,PIT,NE,FA,1.0,1.0,,,,,,,,,,,,1.0,,,0.0
Jeremiah Ledbetter DL - JAX,Jeremiah Ledbetter,DL,JAX,IND,FA,,,,,,,,,,,,,,,,,0.0
Matt Leo DL,Matt Leo,DL,,MIN,FA,,,,,,,,,,,,,,,,,0.0
Tyquan Lewis DL - IND,Tyquan Lewis,DL,IND,@JAX,FA,1.0,1.0,,,,,,,,,,,,,1.0,,0.0
Roy Lopez DL - ARI,Roy Lopez,DL,ARI,@DEN,FA,1.0,,,,,,,,,,,,,1.0,1.0,,0.0
Isaiahh Loudermilk DL - PIT,Isaiahh Loudermilk,DL,PIT,NE,FA,,,,,,,,,,,,,,,,,0.0
Dean Lowry DL - MIN,Dean Lowry,DL,MIN,@PHI,FA,4.0,1.0,,,,,,,,,,,,,,,0.0
James Lynch DL - MIN IR,James Lynch,DL,MIN,@PHI,FA,,,,,,,,,,,,,,,,,0.0
Isaiah Mack DL,Isaiah Mack,DL,,Bye,FA,,,,,,,,,,,,,,,,,0.0
Justin Madubuike DL - BAL,Justin Madubuike,DL,BAL,MIA,FA,1.0,1.0,,,,,,,,,,,,,1.0,,0.0
Jonathan Marshall DL - PIT,Jonathan Marshall,DL,PIT,NE,FA,,,,,,,,,,,,,,,,,0.0
Brodric Martin DL - DET IA,Brodric Martin,DL,DET,Bye,W (Oct 4),,,,,,,,,,,,,,,,,0.0
Phidarian Mathis DL - WAS IR,Phidarian Mathis,DL,WAS,@DET,FA,,,,,,,,,,,,,,,,,0.0
Scott Matlock DL - LAC,Scott Matlock,DL,LAC,Bye,FA,,,,,,,,,,,,,,,,,0.0
Devonnsha Maxwell DL - CIN IR,Devonnsha Maxwell,DL,CIN,Bye,FA,,,,,,,,,,,,,,,,,0.0
Marquan McCall DL Q,Marquan McCall DL,Q,,Bye,FA,,,,,,,,,,,,,,,,,0.0
Will McDonald IV DL - NYJ,Will McDonald IV,DL,NYJ,Bye,FA,,,,,,,,,,,,,,,,,0.0
T.Y. McGill DL - SF,T.Y. McGill,DL,SF,SEA,FA,,,,,,,,,,,,,,,,,0.0
Takk McKinley DL,Takk McKinley,DL,,Bye,FA,,,,,,,,,,,,,,,,,0.0
Alim McNeill DL - DET,Alim McNeill,DL,DET,WAS,W (Oct 4),,2.0,,,,,,,,,,,,,,,0.0
Forrest Merrill DL Q,Forrest Merrill DL,Q,,@KC,FA,,,,,,,,,,,,,,,,,0.0
DaMarcus Mitchell DL,DaMarcus Mitchell,DL,,Bye,FA,,,,,,,,,,,,,,,,,0.0
David Moa DL,David Moa,DL,,@KC,FA,,,,,,,,,,,,,,,,,0.0
Henry Mondeaux DL Q,Henry Mondeaux DL,Q,,IND,FA,,,,,,,,,,,,,,,,,0.0
Bryan Mone DL - SEA PUP,Bryan Mone,DL,SEA,@SF,FA,3.0,1.0,,,,,,,,,,,,,,,0.0
Anthony Montalvo DL,Anthony Montalvo,DL,,Bye,FA,,,,,,,,,,,,,,,,,0.0
Antonio Moultrie DL,Antonio Moultrie,DL,,Bye,FA,,,,,,,,,,,,,,,,,0.0
Myles Murphy DL - CIN,Myles Murphy,DL,CIN,Bye,FA,,,,,,,,,,,,,,,,,0.0
PJ Mustipher DL - DEN,PJ Mustipher,DL,DEN,Bye,FA,,,,,,,,,,,,,,,,,0.0
Haggai Ndubuisi DL - DEN O,Haggai Ndubuisi,DL,DEN,Bye,FA,,,,,,,,,,,,,,,,,0.0
Yannick Ngakoue DL - CHI,Yannick Ngakoue,DL,CHI,@JAX,Wbn Beasts,,,,,,,,,,,,,,,,,0.0
Bilal Nichols DL - LV,Bilal Nichols,DL,LV,ARI,FA,1.0,,,,,,,,,,,,,,,,0.0
Rayshad Nichols DL - BAL,Rayshad Nichols,DL,BAL,MIA,FA,,,,,,,,,,,,,,,,,0.0
Derrick Nnadi DL - KC,Derrick Nnadi,DL,KC,LAC,FA,,3.0,,,,,,,,,,,,,,,0.0
Rakeem Nunez-Roches DL - NYG,Rakeem,Nunez,Roches,CAR,FA,,2.0,,,,,,,,,,,,,,,0.0
Pat O'Connor DL - TB,Pat O'Connor,DL,TB,@NO,FA,1.0,,,,,,,,,,,,,,,,0.0
Efe Obada DL - WAS IR,Efe Obada,DL,WAS,@DET,FA,1.0,,,,,,,,,,,,,,1.0,,0.0
Adedayo Odeleye DL - HOU,Adedayo Odeleye,DL,HOU,Bye,FA,,,,,,,,,,,,,,,,,0.0
Dayo Odeyingbo DL - IND,Dayo Odeyingbo,DL,IND,@JAX,FA,,,,,,,,,,,,,,,,,0.0
Osa Odighizuwa DL - DAL,Osa Odighizuwa,DL,DAL,CIN,FA,1.0,1.0,,,,,,,,,,,,,,,0.0
Emmanuel Ogbah DL - MIA,Emmanuel Ogbah,DL,MIA,@BAL,FA,1.0,1.0,,,,,,,,,,,,,,,0.0
Otito Ogbonnia DL - LAC PUP,Otito Ogbonnia,DL,LAC,@KC,FA,,,,,,,,,,,,,,,,,0.0
Larry Ogunjobi DL - PIT,Larry Ogunjobi,DL,PIT,NE,FA,,,,,,,,,,,,,,,,,0.0
Moro Ojomo DL - PHI,Moro Ojomo,DL,PHI,Bye,FA,,,,,,,,,,,,,,,,,0.0
BJ Ojulari DL - ARI,BJ Ojulari,DL,ARI,Bye,FA,,,,,,,,,,,,,,,,,0.0
Ogbo Okoronkwo DL - CLE,Ogbo Okoronkwo,DL,CLE,NYJ,dirty birds,2.0,1.0,,,,,,,,,,,,,,,0.0
Basil Okoye DL - LAC,Basil Okoye,DL,LAC,Bye,FA,,,,,,,,,,,,,,,,,0.0
Sam Okuayinonu DL,Sam Okuayinonu,DL,,Bye,FA,,,,,,,,,,,,,,,,,0.0
Julian Okwara DL - DET IR,Julian Okwara,DL,DET,WAS,W (Oct 4),2.0,,,,,,,,,,,,,,1.0,,0.0
Romeo Okwara DL - DET,Romeo Okwara,DL,DET,WAS,W (Oct 4),,,,,,,,,,,,,,,,,0.0
Ed Oliver DL - BUF,Ed Oliver,DL,BUF,TEN,FA,,,,,,,,,,,,,,,,,0.0
Charles Omenihu DL - KC SUS,Charles Omenihu,DL,KC,LAC,FA,,1.0,,,,,,,,,,,,,2.0,,0.0
Levi Onwuzurike DL - DET,Levi Onwuzurike,DL,DET,WAS,W (Oct 4),,,,,,,,,,,,,,,,,0.0
David Onyemata DL - ATL,David Onyemata,DL,ATL,@LA,FA,2.0,1.0,0.5,,,,,,,,,,,,1.0,,0.0
Joseph Ossai DL - CIN,Joseph Ossai,DL,CIN,@DAL,FA,,1.0,,,,,,,,,,,,,,,0.0
Esezi Otomewo DL - JAX,Esezi Otomewo,DL,JAX,@PHI,FA,,,,,,,,,,,,,,,,,0.0
Joshua Paschal DL - DET IR,Joshua Paschal,DL,DET,WAS,W (Oct 4),,,,,,,,,,,,,,,,,0.0
Aaron Patrick DL,Aaron Patrick,DL,,HOU,FA,1.0,,,,,,,,,,,,,,,,0.0
Kwity Paye DL - IND,Kwity Paye,DL,IND,@JAX,Boppard Raiders,2.0,1.0,,1.0,,,,,,,,,,,,,0.0
Daron Payne DL - WAS,Daron Payne,DL,WAS,@DET,Bad Wildcats Hunschat,1.0,3.0,1.0,1.0,,,,,,,,,,,2.0,,0.0
Jayden Peevy DL - TEN,Jayden Peevy,DL,TEN,Bye,FA,,,,,,,,,,,,,,,,,0.0
Kyle Peko DL - TEN,Kyle Peko,DL,TEN,ARI,FA,,,,,,,,,,,,,,,,,0.0
John Penisini DL Q,John Penisini DL,Q,,@NYG,FA,,,,,,,,,,,,,,,,,0.0
Roderick Perry II DL,Roderick Perry II,DL,,Bye,FA,,,,,,,,,,,,,,,,,0.0
Tautala Pesefea DL Q,Tautala Pesefea DL,Q,,Bye,FA,,,,,,,,,,,,,,,,,0.0
Jeremiah Pharms DL - NE,Jeremiah Pharms,DL,NE,Bye,FA,,,,,,,,,,,,,,,,,0.0
Harrison Phillips DL - MIN,Harrison Phillips,DL,MIN,@PHI,FA,1.0,2.0,0.5,,,,,,,,,,,,1.0,,0.0
Jordan Phillips DL - BUF,Jordan Phillips,DL,BUF,TEN,FA,1.0,1.0,,,,,,,,,,,,,1.0,,0.0
Zacch Pickens DL - CHI,Zacch Pickens,DL,CHI,Bye,FA,,,,,,,,,,,,,,,,,0.0
Michael Pierce DL - BAL,Michael Pierce,DL,BAL,MIA,FA,2.0,1.0,,,,,,,,,,,,,,,0.0
Brandon Pili DL - MIA,Brandon Pili,DL,MIA,Bye,FA,,,,,,,,,,,,,,,,,0.0
Benning Potoa'e DL - WAS,Benning Potoa'e,DL,WAS,@DET,FA,,,,,,,,,,,,,,,,,0.0
Willington Previlon DL - DAL,Willington Previlon,DL,DAL,@NO,FA,,,,,,,,,,,,,,,,,0.0
Mike Purcell DL - DEN O View News,Mike Purcell,DL,DEN,HOU,FA,1.0,1.0,,,,,,,,,,,,,,,0.0
Sheldon Rankins DL - HOU,Sheldon Rankins,DL,HOU,@DEN,FA,3.0,2.0,,1.0,,,,,,,,,,,1.0,,0.0
D.J. Reader DL - CIN,D.J. Reader,DL,CIN,@DAL,FA,5.0,,,,,,1.0,,,,,,,,2.0,,0.0
Jarran Reed DL - SEA,Jarran Reed,DL,SEA,@SF,FA,2.0,1.0,,,,,,,,,,,,,,,0.0
John Ridgeway DL - WAS,John Ridgeway,DL,WAS,@DET,FA,,,,,,,,,,,,,,,,,0.0
Jordon Riley DL - NYG,Jordon Riley,DL,NYG,Bye,FA,,,,,,,,,,,,,,,,,0.0
Derek Rivers DL,Derek Rivers,DL,,@DEN,FA,,,,,,,,,,,,,,,,,0.0
Malcolm Roach DL - NO,Malcolm Roach,DL,NO,TB,FA,,,,,,,,,,,,,,,,,0.0
Sam Roberts DL - NE,Sam Roberts,DL,NE,@PIT,FA,,,,,,,,,,,,,,,,,0.0
Roy Robertson-Harris DL - JAX,Roy,Robertson,Harris,IND,FA,3.0,,1.0,2.0,,,,,,,,,,,2.0,,0.0
A'Shawn Robinson DL - NYG,A'Shawn Robinson,DL,NYG,CAR,FA,2.0,2.0,,,,,,,,,,,,,,,0.0
Alton Robinson DL,Alton Robinson,DL,,@SF,FA,,,,,,,,,,,,,,,,,0.0
Dominique Robinson DL - CHI,Dominique Robinson,DL,CHI,@GB,FA,,,,,,,1.0,,,,,,,,,,0.0
Janarius Robinson DL - LV,Janarius Robinson,DL,LV,MIN,FA,,,,,,,,,,,,,,,,,0.0
Greg Rousseau DL - BUF,Greg Rousseau,DL,BUF,TEN,Alta Villa Cardinals,3.0,1.0,1.0,2.0,,,,,,,,,,,1.0,,0.0
Bravvion Roy DL - BAL,Bravvion Roy,DL,BAL,@NYG,FA,,1.0,,,,,,,,,,,,,1.0,,0.0
Jaquelin Roy DL - MIN,Jaquelin Roy,DL,MIN,Bye,FA,,,,,,,,,,,,,,,,,0.0
Cameron Sample DL - CIN,Cameron Sample,DL,CIN,@DAL,FA,1.0,,,,,,,,,,,,,,,,0.0
Caleb Sampson DL,Caleb Sampson,DL,,Bye,FA,,,,,,,,,,,,,,,,,0.0
Khalen Saunders DL - NO,Khalen Saunders,DL,NO,TB,FA,2.0,,,,,,,,,,,,,,,,0.0
Deadrin Senat DL - TB,Deadrin Senat,DL,TB,@NO,FA,,,,,,,,,,,,,,,,,0.0
Tim Settle DL - BUF,Tim Settle,DL,BUF,TEN,FA,,,,,,,,,,,,,,,,,0.0
Danny Shelton DL,Danny Shelton,DL,,Bye,FA,,,,,,,,,,,,,,,,,0.0
Tyler Shelvin DL Q,Tyler Shelvin DL,Q,,@BUF,FA,,,,,,,,,,,,,,,,,0.0
Nathan Shepherd DL - NO,Nathan Shepherd,DL,NO,TB,FA,,1.0,,,,,,,,,,,,,,,0.0
Zach Sieler DL - MIA,Zach Sieler,DL,MIA,@BAL,Boppard Raiders,,3.0,,,,,,,,,,,,,,,0.0
Nesta Jade Silvera DL - LV,Nesta Jade Silvera,DL,LV,Bye,FA,,,,,,,,,,,,,,,,,0.0
Jeffery Simmons DL - TEN,Jeffery Simmons,DL,TEN,@BUF,Koblenz 87ers,,,,,,,,,,,,,,1.0,,,0.0
Jacob Slade DL - ARI,Jacob Slade,DL,ARI,Bye,FA,,,,,,,,,,,,,,,,,0.0
Chris Slayton DL - GB,Chris Slayton,DL,GB,CHI,W (Oct 4),,,,,,,,,,,,,,,,,0.0
Tanzel Smart DL,Tanzel Smart,DL,,@CLE,FA,,,,,,,,,,,,,,,,,0.0
Chris Smith DL,Chris Smith,DL,,Bye,FA,,,,,,,,,,,,,,,,,0.0
Jordan Smith DL,Jordan Smith,DL,,IND,FA,,,,,,,,,,,,,,,,,0.0
Kobe Smith DL,Kobe Smith,DL,,@LA,FA,,,,,,,,,,,,,,,,,0.0
Mazi Smith DL - DAL,Mazi Smith,DL,DAL,Bye,FA,,,,,,,,,,,,,,,,,0.0
T.J. Smith DL - MIN,T.J. Smith,DL,MIN,@PHI,FA,,,,,,,,,,,,,,,,,0.0
Za'Darius Smith DL - CLE,Za'Darius Smith,DL,CLE,@PHI,FA,2.0,1.0,1.0,2.0,,,,,,,,,,,2.0,,0.0
James Smith-Williams DL - WAS,James,Smith,Williams,@DET,FA,1.0,,1.0,1.0,,,,,,,,,,,2.0,,0.0
Marquiss Spencer DL - NYJ,Marquiss Spencer,DL,NYJ,@CLE,FA,,,,,,,,,,,,,,,,,0.0
Taylor Stallworth DL,Taylor Stallworth,DL,,@DEN,FA,,,,,,,,,,,,,,,,,0.0
Grover Stewart DL - IND,Grover Stewart,DL,IND,@JAX,dirty birds,3.0,2.0,,,,,,,,,,,,,,,0.0
Ben Stille DL - ARI,Ben Stille,DL,ARI,Bye,FA,,,,,,,,,,,,,,,,,0.0
Dante Stills DL - ARI,Dante Stills,DL,ARI,Bye,FA,,,,,,,,,,,,,,,,,0.0
Kentavius Street DL - PHI,Kentavius Street,DL,PHI,MIN,FA,1.0,,,1.0,,,,,,,,,,,,,0.0
Kevin Strong DL - ARI,Kevin Strong,DL,ARI,@LV,FA,1.0,1.0,,,,,,,,,,,,,,,0.0
Ndamukong Suh DL,Ndamukong Suh,DL,,Bye,FA,,,,,,,,,,,,,,,,,0.0
Josh Sweat DL - PHI,Josh Sweat,DL,PHI,MIN,GLADIATORS of NORSCHT,3.0,,1.0,3.0,,,,,,,,,,,3.0,,0.0
Montez Sweat DL - WAS,Montez Sweat,DL,WAS,@DET,Washington Fantasy Team,2.0,,,,,,,,,,,,,,2.0,,0.0
Teair Tart DL - TEN Q View News,Teair Tart,DL,TEN,@BUF,FA,,,,,,,,,,,,,,,,,0.0
Jonah Tavai DL,Jonah Tavai,DL,,Bye,FA,,,,,,,,,,,,,,,,,0.0
Darrell Taylor DL - SEA,Darrell Taylor,DL,SEA,@SF,Koblenz 87ers,3.0,,,2.0,,,,,,,,,,,,,0.0
Demetrius Taylor DL SUS,Demetrius Taylor DL,SUS,,Bye,FA,,,,,,,,,,,,,,,,,0.0
Isaiah Thomas DL - CLE D,Isaiah Thomas,DL,CLE,NYJ,FA,,,,,,,,,,,,,,,,,0.0
Solomon Thomas DL - NYJ,Solomon Thomas,DL,NYJ,@CLE,FA,1.0,4.0,,,,,,,,,,,,,,,0.0
Jerry Tillery DL - LV,Jerry Tillery,DL,LV,ARI,FA,1.0,1.0,,,,,,,,,,,,,,,0.0
Tommy Togiai DL - CLE,Tommy Togiai,DL,CLE,NYJ,FA,1.0,,,,,,,,,,,,,,,,0.0
Dalvin Tomlinson DL - CLE,Dalvin Tomlinson,DL,CLE,NYJ,FA,3.0,4.0,0.5,,,,,,,,,,,,1.0,,0.0
Khyiris Tonga DL - MIN,Khyiris Tonga,DL,MIN,@PHI,FA,,,,,,,,,,,,,,,,,0.0
Casey Toohill DL - WAS,Casey Toohill,DL,WAS,@DET,FA,,,,,,,,,,,,,,,1.0,,0.0
Jay Tufele DL - CIN,Jay Tufele,DL,CIN,@DAL,FA,,,,,,,,,,,,,,,,,0.0
Marlon Tuipulotu DL - PHI,Marlon Tuipulotu,DL,PHI,MIN,FA,,1.0,,,,,,,,,,,,,,,0.0
Josh Tupou DL - CIN,Josh Tupou,DL,CIN,@DAL,FA,1.0,,,,,,,,,,,,,,,,0.0
Kobie Turner DL - LA,Kobie Turner,DL,LA,Bye,FA,,,,,,,,,,,,,,,,,0.0
Payton Turner DL - NO IR,Payton Turner,DL,NO,TB,FA,,,,,,,,,,,,,,,,,0.0
Shy Tuttle DL - CAR,Shy Tuttle,DL,CAR,@NYG,FA,2.0,7.0,0.5,,,,,,,,,,,1.0,1.0,,0.0
Jaylen Twyman DL,Jaylen Twyman,DL,,@BAL,FA,,,,,,,,,,,,,,,,,0.0
Brent Urban DL - BAL,Brent Urban,DL,BAL,Bye,FA,,,,,,,,,,,,,,,,,0.0
Eyioma Uwazurike DL - DEN SUS,Eyioma Uwazurike,DL,DEN,HOU,FA,,,,,,,,,,,,,,,,,0.0
Zach VanValkenburg DL - LA,Zach VanValkenburg,DL,LA,Bye,FA,,,,,,,,,,,,,,,,,0.0
Vita Vea DL - TB Q View News,Vita Vea,DL,TB,@NO,FA,,2.0,0.5,,,,,,,,,,,,1.0,,0.0
Kendal Vickers DL - BUF,Kendal Vickers,DL,BUF,TEN,FA,1.0,3.0,,,,,,,,,,,,,,,0.0
Taron Vincent DL,Taron Vincent,DL,,Bye,FA,,,,,,,,,,,,,,,,,0.0
Raymond Vohasek DL,Raymond Vohasek,DL,,Bye,FA,,,,,,,,,,,,,,,,,0.0
DeMarcus Walker DL - CHI,DeMarcus Walker,DL,CHI,Bye,FA,,,,,,,,,,,,,,,,,0.0
Jihad Ward DL - NYG,Jihad Ward,DL,NYG,CAR,FA,3.0,1.0,,2.0,,,,,,,,,,,,,0.0
Broderick Washington DL - BAL,Broderick Washington,DL,BAL,MIA,FA,2.0,,,1.0,,,,,,,,,,,,,0.0
Carlos Watkins DL - ARI IR,Carlos Watkins,DL,ARI,@LV,FA,,,,,,,,,,,,,,,,,0.0
Armon Watts DL - PIT,Armon Watts,DL,PIT,NE,FA,1.0,,,,,,,,,,,,,,,,0.0
Curtis Weaver DL,Curtis Weaver,DL,,@PHI,FA,,,,,,,,,,,,,,,,,0.0
Keion White DL - NE,Keion White,DL,NE,Bye,FA,,,,,,,,,,,,,,,,,0.0
Christian Wilkins DL - MIA,Christian Wilkins,DL,MIA,@BAL,Slay,6.0,2.0,,2.0,,,,,,,,,,,,,0.0
Kenny Willekes DL,Kenny Willekes,DL,,@PHI,FA,,,,,,,,,,,,,,,,,0.0
Brandon Williams DL,Brandon Williams,DL,,Bye,FA,,,,,,,,,,,,,,,,,0.0
Chris Williams DL,Chris Williams,DL,,@JAX,FA,,,,,,,,,,,,,,,,,0.0
DeShawn Williams DL - CAR,DeShawn Williams,DL,CAR,@NYG,FA,,1.0,,,,,,,,,,,,,,,0.0
Jonah Williams DL - LA,Jonah Williams,DL,LA,ATL,FA,,,,,,,,,,,,,,,,,0.0
Leonard Williams DL - NYG,Leonard Williams,DL,NYG,CAR,FA,1.0,1.0,,,,,,,,,,,,,,,0.0
Milton Williams DL - PHI,Milton Williams,DL,PHI,MIN,FA,,,,,,,,,,,,,,,1.0,,0.0
Nick Williams DL - LAC,Nick Williams,DL,LAC,Bye,FA,,,,,,,,,,,,,,,,,0.0
Quinnen Williams DL - NYJ,Quinnen Williams,DL,NYJ,@CLE,Bad Wildcats Hunschat,3.0,1.0,0.5,,,,,,,,,,,,1.0,,0.0
Raequan Williams DL - CAR,Raequan Williams,DL,CAR,@NYG,FA,,,,,,,,,,,,,,,,,0.0
Sam Williams DL - DAL,Sam Williams,DL,DAL,CIN,FA,1.0,,,1.0,,,,,,,,,,,,,0.0
Jordan Willis DL,Jordan Willis,DL,,ARI,FA,,,,,,,,,,,,,,,,,0.0
Tyree Wilson DL - LV,Tyree Wilson,DL,LV,Bye,FA,,,,,,,,,,,,,,,,,0.0
Perrion Winfrey DL,Perrion Winfrey,DL,,NYJ,FA,,,,,,,,,,,,,,,,,0.0
Chase Winovich DL - MIA,Chase Winovich,DL,MIA,@DEN,FA,1.0,,,,,,,,,,,,,,2.0,,0.0
Daniel Wise DL,Daniel Wise,DL,,LAC,FA,,1.0,,,,,,,,,,,,,,,0.0
Deatrich Wise DL - NE,Deatrich Wise,DL,NE,@PIT,FA,3.0,1.0,,,,,,,,,,,,,,,0.0
D.J. Wonnum DL - MIN,D.J. Wonnum,DL,MIN,@PHI,FA,3.0,,1.0,1.0,,,,,,,,,,,1.0,,0.0
Al Woods DL - NYJ,Al Woods,DL,NYJ,Bye,FA,,,,,,,,,,,,,,,,,0.0
Jamal Woods DL,Jamal Woods,DL,,Bye,FA,,,,,,,,,,,,,,,,,0.0
Renell Wren DL - PIT IR,Renell Wren,DL,PIT,NE,FA,,,,,,,,,,,,,,,,,0.0
Alex Wright DL - CLE,Alex Wright,DL,CLE,NYJ,FA,,,,,,,,,,,,,,1.0,,,0.0
Devonte Wyatt DL - GB,Devonte Wyatt,DL,GB,CHI,W (Oct 4),,,,,,,,,,,,,,,,,0.0
Cameron Young DL - SEA,Cameron Young,DL,SEA,Bye,FA,,,,,,,,,,,,,,,,,0.0
Chase Young DL - WAS,Chase Young,DL,WAS,@DET,Alta Villa Cardinals,,,,,,,,,,,,,,,,,0.0
Justin Zimmer DL Q,Justin Zimmer DL,Q,,Bye,FA,,,,,,,,,,,,,,,,,0.0
Jabari Zuniga DL,Jabari Zuniga,DL,,TB,FA,,,,,,,,,,,,,,,,,0.0
