Player,Name,Position,Team,Opp,Manager,Tackles_Tot,Tackles_Ast,Tackles_Sck,Tackles_TFL,Turnover_Int,Turnover_Frc Fum,Turnover_Fum Rec,Score_Int TD,Score_FumTD,Score_Blk TD,Score_Saf,Score_Def 2pt Ret,Other_Blk,Other_PDef,Other_QB Hit,Return_Int Yds,Fantasy_Points
Micah Abernathy DB - ATL,Micah Abernathy,DB,ATL,Bye,FA,,,,,,,,,,,,,,,,,0.0
Johnathan Abram DB - NO,Johnathan Abram,DB,NO,@PHI,FA,3.0,2.0,,,,,,,,,,,,1.0,,,0.0
Jamal Adams DB - SEA,Jamal Adams,DB,SEA,NYJ,St Quintin Heidschnucken,,,,,,,,,,,,,,,,,0.0
Tony Adams DB - NYJ O View News,Tony Adams,DB,NYJ,Bye,FA,,,,,,,,,,,,,,,,,0.0
Paulson Adebo DB - NO O View News,Paulson Adebo,DB,NO,@PHI,FA,6.0,,,,,,,,,,,,,1.0,,,0.0
Jaire Alexander DB - GB IA,Jaire Alexander,DB,GB,MIN,GLADIATORS of NORSCHT,,,,,,,,,,,,,,1.0,,,0.0
Dee Alford DB - ATL,Dee Alford,DB,ATL,ARI,Wbn Beasts,3.0,,,,,,,,,,,,,1.0,,,0.0
Ugo Amadi DB - NO,Ugo Amadi,DB,NO,@PHI,FA,,,,,,,,,,,,,,,,,0.0
Adrian Amos DB - NYJ,Adrian Amos,DB,NYJ,MIN,FA,,,,,,,,,,,,,,,,,0.0
Tycen Anderson DB - CIN,Tycen Anderson,DB,CIN,BUF,FA,,,,,,,,,,,,,,,,,0.0
Zayne Anderson DB - GB IA,Zayne Anderson,DB,GB,@CIN,W (Oct 4),,,,,,,,,,,,,,,,,0.0
Troy Apke DB - WAS IR,Troy Apke,DB,WAS,CLE,FA,,,,,,,,,,,,,,,,,0.0
Jalyn Armour-Davis DB - BAL,Jalyn,Armour,Davis,PIT,FA,,,,,,,,,,,,,,,,,0.0
Cornell Armstrong DB Q,Cornell Armstrong DB,Q,,ARI,FA,4.0,1.0,,,,,,,,,,,,1.0,,,0.0
Grayland Arnold DB - HOU,Grayland Arnold,DB,HOU,Bye,FA,,,,,,,,,,,,,,,,,0.0
Tre Avery DB - TEN,Tre Avery,DB,TEN,Bye,FA,,,,,,,,,,,,,,,,,0.0
Chidobe Awuzie DB - CIN,Chidobe Awuzie,DB,CIN,BUF,FA,,,,,,,,,,,,,,,,,0.0
Budda Baker DB - ARI IR,Budda Baker,DB,ARI,@ATL,FA,,,,,,,,,,,,,,,,,0.0
Darrell Baker Jr. DB - IND,Darrell Baker Jr.,DB,IND,Bye,FA,,,,,,,,,,,,,,,,,0.0
Corey Ballentine DB - GB,Corey Ballentine,DB,GB,MIN,W (Oct 4),,1.0,,,,,,,,,,,,,,,0.0
Deonte Banks DB - NYG,Deonte Banks,DB,NYG,Bye,FA,,,,,,,,,,,,,,,,,0.0
Kalon Barnes DB,Kalon Barnes,DB,,@GB,FA,,,,,,,,,,,,,,,,,0.0
Essang Bassey DB - DEN,Essang Bassey,DB,DEN,@KC,FA,,,,,,,,,,,,,,,,,0.0
Jessie Bates DB - ATL,Jessie Bates,DB,ATL,ARI,Alta Villa Cardinals,,,,,,,,,,,,,,,,,0.0
Jordan Battle DB - CIN,Jordan Battle,DB,CIN,Bye,FA,,,,,,,,,,,,,,,,,0.0
Markquese Bell DB - DAL,Markquese Bell,DB,DAL,Bye,FA,,,,,,,,,,,,,,,,,0.0
Vonn Bell DB - CAR,Vonn Bell,DB,CAR,@TB,St Quintin Heidschnucken,,,,,,,,,,,,,,,,,0.0
Dane Belton DB - NYG,Dane Belton,DB,NYG,IND,FA,,,,,,,,,,,,,,,,,0.0
Christian Benford DB - BUF,Christian Benford,DB,BUF,@CIN,FA,,,,,,,,,,,,,,,,,0.0
Jarrick Bernard-Converse DB - NYJ PUP,Jarrick,Bernard,Converse,Bye,FA,,,,,,,,,,,,,,,,,0.0
Justin Bethel DB - MIA,Justin Bethel,DB,MIA,@NE,FA,,,,,,,,,,,,,,,,,0.0
Henry Black DB - IND,Henry Black,DB,IND,@NYG,FA,,,,,,,,,,,,,,,,,0.0
Julian Blackmon DB - IND,Julian Blackmon,DB,IND,@NYG,FA,3.0,,,,,,,,,,,,,,,,0.0
Josh Blackwell DB - CHI IR View News,Josh Blackwell,DB,CHI,@DET,FA,3.0,2.0,,,,,,,,,,,,,,,0.0
DaRon Bland DB - DAL,DaRon Bland,DB,DAL,@TEN,FA,4.0,3.0,,,,,,,,,,,,,2.0,,0.0
Reed Blankenship DB - PHI,Reed Blankenship,DB,PHI,NO,Alta Villa Cardinals,5.0,3.0,,,,,,,,,,,,,,,0.0
Joshuah Bledsoe DB - NE,Joshuah Bledsoe,DB,NE,MIA,FA,,,,,,,,,,,,,,,,,0.0
Joey Blount DB - ARI,Joey Blount,DB,ARI,NYJ,FA,,,,,,,,,,,,,,,,,0.0
Bubba Bolden DB,Bubba Bolden,DB,,@WAS,FA,,,,,,,,,,,,,,,,,0.0
Isaiah Bolden DB - NE IR,Isaiah Bolden,DB,NE,Bye,FA,,,,,,,,,,,,,,,,,0.0
Andrew Booth DB - MIN,Andrew Booth,DB,MIN,@GB,FA,,,,,,,,,,,,,,,,,0.0
Dicaprio Bootle DB - CAR,Dicaprio Bootle,DB,CAR,DEN,FA,,,,,,,,,,,,,,,,,0.0
Breon Borders DB - NE,Breon Borders,DB,NE,@DET,FA,,,,,,,,,,,,,,,,,0.0
Kris Boyd DB - ARI,Kris Boyd,DB,ARI,@ATL,FA,,,,,,,,,,,,,,,,,0.0
James Bradberry DB - PHI,James Bradberry,DB,PHI,NO,FA,2.0,1.0,,,,,,,,,,,,,,,0.0
Brian Branch DB - DET Q View News,Brian Branch,DB,DET,Bye,FlyRamsFly,,,,,,,,,,,,,,,,,0.0
Christian Braswell DB - JAX,Christian Braswell,DB,JAX,Bye,FA,,,,,,,,,,,,,,,,,0.0
Brady Breeze DB,Brady Breeze,DB,,CHI,FA,,,,,,,,,,,,,,,,,0.0
Julius Brents DB - IND,Julius Brents,DB,IND,Bye,FA,,,,,,,,,,,,,,,,,0.0
Jaquan Brisker DB - CHI,Jaquan Brisker,DB,CHI,@DET,Magic Eulers,6.0,2.0,,,,,,,,,,,,,,,0.0
Mike Brown DB - TEN,Mike Brown,DB,TEN,Bye,FA,,,,,,,,,,,,,,,,,0.0
Montaric Brown DB - JAX,Montaric Brown,DB,JAX,@HOU,FA,,,,,,,,,,,,,,,,,0.0
Sydney Brown DB - PHI O View News,Sydney Brown,DB,PHI,Bye,FA,,,,,,,,,,,,,,,,,0.0
Tony Brown DB - IND,Tony Brown,DB,IND,@NYG,FA,,,,,,,,,,,,,,,,,0.0
Tre Brown DB - SEA Q,Tre Brown,DB,SEA,NYJ,FA,,,,,,,,,,,,,,,,,0.0
Coby Bryant DB - SEA Q,Coby Bryant,DB,SEA,NYJ,FA,4.0,,,,,,,,,,,,,,,,0.0
Terrell Burgess DB - WAS,Terrell Burgess,DB,WAS,IND,FA,,,,,,,,,,,,,,,,,0.0
Deon Bush DB - KC,Deon Bush,DB,KC,DEN,FA,,,,,,,,,,,,,,,,,0.0
Percy Butler DB - WAS Q,Percy Butler,DB,WAS,CLE,FA,,,,,,,,,,,,,,,,,0.0
Kevin Byard DB - TEN,Kevin Byard,DB,TEN,DAL,FlyRamsFly,4.0,2.0,,,2.0,,,,,,,,,2.0,,30.0,0.0
Camryn Bynum DB - MIN,Camryn Bynum,DB,MIN,@GB,Washington Fantasy Team,4.0,5.0,,,,,,,,,,,,,,,0.0
Bryce Callahan DB,Bryce Callahan,DB,,LA,FA,,,,,,,,,,,,,,,,,0.0
Elijah Campbell DB - MIA,Elijah Campbell,DB,MIA,@NE,FA,,,,,,,,,,,,,,,,,0.0
Tevaughn Campbell DB - JAX,Tevaughn Campbell,DB,JAX,@HOU,FA,,,,,,,,,,,,,,,,,0.0
Tyson Campbell DB - JAX,Tyson Campbell,DB,JAX,@HOU,Slay,2.0,1.0,,,,,1.0,,1.0,,,,,,,,0.0
Tariq Carpenter DB - PIT,Tariq Carpenter,DB,PIT,MIN,FA,2.0,,,,,,,,,,,,,,,,0.0
T.J. Carrie DB,T.J. Carrie,DB,,Bye,FA,,,,,,,,,,,,,,,,,0.0
Michael Carter II DB - NYJ,Michael Carter II,DB,NYJ,@SEA,FA,2.0,1.0,,,,,,,,,,,,,,,0.0
Shyheim Carter DB - TEN,Shyheim Carter,DB,TEN,DAL,FA,,,,,,,,,,,,,,,,,0.0
Tariq Castro-Fields DB - WAS,Tariq,Castro,Fields,CLE,FA,,,,,,,,,,,,,,,,,0.0
Andre Chachere DB - ARI,Andre Chachere,DB,ARI,NO,FA,,,,,,,,,,,,,,,,,0.0
Anthony Chesley DB,Anthony Chesley,DB,,CAR,FA,,,,,,,,,,,,,,,,,0.0
Jeremy Chinn DB - CAR,Jeremy Chinn,DB,CAR,@TB,FA,8.0,4.0,,,,,,,,,,,,,,,0.0
Lewis Cine DB - MIN O View News,Lewis Cine,DB,MIN,@GB,FA,,,,,,,,,,,,,,,,,0.0
Andre Cisco DB - JAX,Andre Cisco,DB,JAX,@HOU,FA,1.0,,,,,,,,,,,,,,,,0.0
Kei'Trel Clark DB - ARI,Kei'Trel Clark,DB,ARI,Bye,FA,,,,,,,,,,,,,,,,,0.0
Chris Claybrooks DB - JAX EXE,Chris Claybrooks,DB,JAX,@HOU,FA,1.0,,,,,,,,,,,,,,,,0.0
Adrian Colbert DB Q,Adrian Colbert DB,Q,,Bye,FA,,,,,,,,,,,,,,,,,0.0
Landon Collins DB,Landon Collins,DB,,IND,FA,1.0,3.0,,,1.0,,,1.0,,,,,,1.0,,52.0,0.0
Bryan Cook DB - KC,Bryan Cook,DB,KC,DEN,FA,1.0,1.0,,,,,,,,,,,,1.0,,,0.0
Yusuf Corker DB,Yusuf Corker,DB,,Bye,FA,,,,,,,,,,,,,,,,,0.0
Bryce Cosby DB,Bryce Cosby,DB,,Bye,FA,,,,,,,,,,,,,,,,,0.0
Tyler Coyle DB,Tyler Coyle,DB,,@TEN,FA,,,,,,,,,,,,,,,,,0.0
Xavier Crawford DB,Xavier Crawford,DB,,NYJ,FA,,1.0,,,,,,,,,,,,,,,0.0
Nick Cross DB - IND,Nick Cross,DB,IND,@NYG,FA,,1.0,,,,,,,,,,,,,,,0.0
Keion Crossen DB - MIA IR,Keion Crossen,DB,MIA,@NE,FA,1.0,,,,,,,,,,,,,,,,0.0
Kamren Curl DB - WAS,Kamren Curl,DB,WAS,CLE,Koblenz 87ers,,,,,,,,,,,,,,,,,0.0
Marcel Dabo DB - IND,Marcel Dabo,DB,IND,Bye,FA,,,,,,,,,,,,,,,,,0.0
Cameron Dantzler DB - NO,Cameron Dantzler,DB,NO,CLE,FA,2.0,,,,,,,,,,,,,1.0,,,0.0
Ashtyn Davis DB - NYJ,Ashtyn Davis,DB,NYJ,@SEA,FA,,1.0,,,,,,,,,,,,,,,0.0
Carlton Davis DB - TB Q View News,Carlton Davis,DB,TB,CAR,FA,,,,,,,,,,,,,,,,,0.0
Cody Davis DB - NE PUP,Cody Davis,DB,NE,MIA,FA,,,,,,,,,,,,,,,,,0.0
Jalen Davis DB - CIN,Jalen Davis,DB,CIN,BUF,FA,,,,,,,,,,,,,,,,,0.0
Michael Davis DB - LAC,Michael Davis,DB,LAC,LA,FA,2.0,1.0,,,,,,,,,,,,1.0,,,0.0
Tyon Davis DB,Tyon Davis,DB,,Bye,FA,,,,,,,,,,,,,,,,,0.0
Duke Dawson DB Q,Duke Dawson DB,Q,,Bye,FA,,,,,,,,,,,,,,,,,0.0
Jamel Dean DB - TB O View News,Jamel Dean,DB,TB,CAR,FA,1.0,1.0,,,,,,,,,,,,,,,0.0
Dee Delaney DB - TB,Dee Delaney,DB,TB,CAR,FA,,,,,,,,,,,,,,,,,0.0
Grant Delpit DB - CLE,Grant Delpit,DB,CLE,@WAS,Wbn Beasts,4.0,3.0,,1.0,2.0,,,,,,,,,2.0,,,0.0
Trevor Denbow DB - IND,Trevor Denbow,DB,IND,Bye,FA,,,,,,,,,,,,,,,,,0.0
Trevon Diggs DB - DAL IR,Trevon Diggs,DB,DAL,@TEN,FA,1.0,,,,,,,,,,,,,1.0,,,0.0
Myles Dorn DB Q,Myles Dorn DB,Q,,@TB,FA,,,,,,,,,,,,,,,,,0.0
Khalil Dorsey DB - DET IR,Khalil Dorsey,DB,DET,Bye,W (Oct 4),,,,,,,,,,,,,,,,,0.0
Rasul Douglas DB - GB,Rasul Douglas,DB,GB,MIN,dirty birds,3.0,1.0,,,,,,,,,,,,2.0,,,0.0
Kyle Dugger DB - NE,Kyle Dugger,DB,NE,MIA,Magic Eulers,3.0,2.0,,,1.0,,,1.0,,,,,,2.0,,39.0,0.0
Isaiah Dunn DB,Isaiah Dunn,DB,,NYJ,FA,,,,,,,,,,,,,,,,,0.0
Cobie Durant DB - LA,Cobie Durant,DB,LA,@LAC,FA,6.0,1.0,,,,,,,,,,,,,,,0.0
Brandin Echols DB - NYJ,Brandin Echols,DB,NYJ,@SEA,FA,,,,,,,,,,,,,,,,,0.0
Terrell Edmunds DB - PHI,Terrell Edmunds,DB,PHI,NO,FA,4.0,2.0,,,,,,,,,,,,1.0,,,0.0
Mike Edwards DB - KC,Mike Edwards,DB,KC,DEN,FA,5.0,1.0,,,,,,,,,,,,,,,0.0
Kaiir Elam DB - BUF,Kaiir Elam,DB,BUF,@CIN,FA,,,,,,,,,,,,,,,,,0.0
DeShon Elliott DB - MIA Q View News,DeShon Elliott,DB,MIA,@NE,Wbn Beasts,,,,,,,,,,,,,,,,,0.0
Tino Ellis DB Q,Tino Ellis DB,Q,,Bye,FA,,,,,,,,,,,,,,,,,0.0
Martin Emerson DB - CLE,Martin Emerson,DB,CLE,@WAS,FA,4.0,,,,,,,,,,,,,2.0,,,0.0
Marcus Epps DB - LV,Marcus Epps,DB,LV,SF,Bad Wildcats Hunschat,7.0,1.0,,,,,,,,,,,,,,,0.0
Akayleb Evans DB - MIN,Akayleb Evans,DB,MIN,@GB,FA,,,,,,,,,,,,,,,,,0.0
Justin Evans DB - PHI Q View News,Justin Evans,DB,PHI,NO,FA,,,,,,,,,,,,,,,,,0.0
Brandon Facyson DB - LV IR,Brandon Facyson,DB,LV,SF,FA,1.0,,,,,,,,,,,,,,,,0.0
Caleb Farley DB - TEN PUP,Caleb Farley,DB,TEN,DAL,FA,,,,,,,,,,,,,,,,,0.0
Rashad Fenton DB - ARI IR,Rashad Fenton,DB,ARI,@ATL,FA,,,,,,,,,,,,,,,,,0.0
DaMarcus Fields DB,DaMarcus Fields,DB,,Bye,FA,,,,,,,,,,,,,,,,,0.0
Minkah Fitzpatrick DB - PIT,Minkah Fitzpatrick,DB,PIT,@BAL,Washington Fantasy Team,4.0,5.0,,,1.0,,,,,,,,,1.0,,,0.0
Cordale Flott DB - NYG,Cordale Flott,DB,NYG,IND,FA,,,,,,,,,,,,,,,,,0.0
Dallis Flowers DB - IND,Dallis Flowers,DB,IND,@NYG,FA,3.0,,,,,,,,,,,,,,,,0.0
Emmanuel Forbes DB - WAS,Emmanuel Forbes,DB,WAS,Bye,FA,,,,,,,,,,,,,,,,,0.0
Rudy Ford DB - GB,Rudy Ford,DB,GB,MIN,W (Oct 4),1.0,2.0,,,1.0,,,,,,,,,1.0,,19.0,0.0
Tyrell Ford DB,Tyrell Ford,DB,,Bye,FA,,,,,,,,,,,,,,,,,0.0
Darrick Forrest DB - WAS,Darrick Forrest,DB,WAS,CLE,Boppard Raiders,2.0,3.0,,,,,,,,,,,,,,,0.0
Jacobi Francis DB - HOU,Jacobi Francis,DB,HOU,Bye,FA,,,,,,,,,,,,,,,,,0.0
Benjie Franklin DB,Benjie Franklin,DB,,MIN,FA,,,,,,,,,,,,,,,,,0.0
Sam Franklin Jr. DB - CAR,Sam Franklin Jr.,DB,CAR,@TB,FA,1.0,,,,,1.0,,,,,,,,,,,0.0
Jordan Fuller DB - LA,Jordan Fuller,DB,LA,@LAC,Washington Fantasy Team,,,,,,,,,,,,,,,,,0.0
Kendall Fuller DB - WAS,Kendall Fuller,DB,WAS,CLE,FA,2.0,1.0,,,,,,,,,,,,,,,0.0
Kristian Fulton DB - TEN,Kristian Fulton,DB,TEN,DAL,FA,,,,,,,,,,,,,,,,,0.0
Innis Gaines DB - GB,Innis Gaines,DB,GB,MIN,W (Oct 4),1.0,,,,,,,,,,,,,,,,0.0
Don Gardner DB Q,Don Gardner DB,Q,,Bye,FA,,,,,,,,,,,,,,,,,0.0
Sauce Gardner DB - NYJ,Sauce Gardner,DB,NYJ,@SEA,GLADIATORS of NORSCHT,3.0,1.0,,,,,,,,,,,,4.0,,,0.0
C.J. Gardner-Johnson DB - DET,C.J.,Gardner,Johnson,CHI,W (Oct 4),,,,,,,,,,,,,,,,,0.0
Allan George DB - CIN,Allan George,DB,CIN,Bye,FA,,,,,,,,,,,,,,,,,0.0
Jake Gervase DB,Jake Gervase,DB,,@LAC,FA,,,,,,,,,,,,,,,,,0.0
Zyon Gilbert DB Q,Zyon Gilbert DB,Q,,Bye,FA,,,,,,,,,,,,,,,,,0.0
Tyree Gillespie DB Q,Tyree Gillespie DB,Q,,JAX,FA,,,,,,,,,,,,,,,,,0.0
Alohi Gilman DB - LAC Q View News,Alohi Gilman,DB,LAC,LA,Washington Fantasy Team,2.0,1.0,,,,,,,,,,,,,,,0.0
Stephon Gilmore DB - DAL,Stephon Gilmore,DB,DAL,@TEN,FA,3.0,,,,,,,,,,,,,,,,0.0
Tashaun Gipson DB - SF,Tashaun Gipson,DB,SF,Bye,FA,,,,,,,,,,,,,,,,,0.0
Christian Gonzalez DB - NE,Christian Gonzalez,DB,NE,Bye,Bad Wildcats Hunschat,,,,,,,,,,,,,,,,,0.0
Mario Goodrich DB - PHI,Mario Goodrich,DB,PHI,NO,FA,,,,,,,,,,,,,,,,,0.0
C.J. Goodwin DB - DAL,C.J. Goodwin,DB,DAL,@TEN,FA,,,,,,,,,,,,,,,,,0.0
Kyler Gordon DB - CHI IR,Kyler Gordon,DB,CHI,@DET,FA,6.0,1.0,,,,,,,,,,,,,,,0.0
Tay Gowan DB Q,Tay Gowan DB,Q,,@GB,FA,,,,,,,,,,,,,,,,,0.0
Richie Grant DB - ATL,Richie Grant,DB,ATL,ARI,dirty birds,4.0,5.0,,,,,,,,,,,1.0,,,,0.0
J.T. Gray DB - NO,J.T. Gray,DB,NO,@PHI,FA,,2.0,,,,,,,,,,,,,,,0.0
Vincent Gray DB,Vincent Gray,DB,,Bye,FA,,,,,,,,,,,,,,,,,0.0
A.J. Green DB - CLE,A.J. Green,DB,CLE,@WAS,FA,3.0,1.0,,,,,,,,,,,,,,,0.0
Shaquill Griffin DB - HOU,Shaquill Griffin,DB,HOU,@HOU,FA,,,,,,,,,,,,,,,,,0.0
Javelin Guidry DB - NYJ IR,Javelin Guidry,DB,NYJ,ARI,FA,,,,,,,,,,,,,,,,,0.0
Nate Hairston DB,Nate Hairston,DB,,@ATL,FA,,,,,,,,,,,,,,,,,0.0
Bryce Hall DB - NYJ,Bryce Hall,DB,NYJ,@SEA,FA,,,,,,,,,,,,,,,,,0.0
Darren Hall DB - IND,Darren Hall,DB,IND,ARI,FA,1.0,1.0,,,,,,,,,,,,,,,0.0
Kemon Hall DB Q,Kemon Hall DB,Q,,LA,FA,,,,,,,,,,,,,,,,,0.0
Tyler Hall DB - LV,Tyler Hall,DB,LV,SF,FA,,1.0,,,,,,,,,,,,2.0,,,0.0
Antonio Hamilton DB - ARI,Antonio Hamilton,DB,ARI,@ATL,FA,,,,,,,,,,,,,,,,,0.0
Kyle Hamilton DB - BAL Q View News,Kyle Hamilton,DB,BAL,PIT,Koblenz 87ers,5.0,1.0,,,,,,,,,,,,,1.0,,0.0
Damar Hamlin DB - BUF,Damar Hamlin,DB,BUF,@CIN,dirty birds,,,,,,,,,,,,,,,,,0.0
Matt Hankins DB - LAC,Matt Hankins,DB,LAC,Bye,FA,,,,,,,,,,,,,,,,,0.0
Justin Hardee DB - NYJ,Justin Hardee,DB,NYJ,@SEA,FA,,2.0,,,,,,,,,,,,,,,0.0
Madre Harper DB,Madre Harper,DB,,@BAL,FA,,,,,,,,,,,,,,,,,0.0
Chris Harris DB,Chris Harris,DB,,Bye,FA,,,,,,,,,,,,,,,,,0.0
Davontae Harris DB,Davontae Harris,DB,,Bye,FA,,,,,,,,,,,,,,,,,0.0
Will Harris DB - DET,Will Harris,DB,DET,CHI,W (Oct 4),1.0,1.0,,,,,,,,,,,,1.0,1.0,,0.0
Myles Hartsfield DB,Myles Hartsfield,DB,,@LV,FA,1.0,1.0,,,,,,,,,,,,,,,0.0
Brad Hawkins DB,Brad Hawkins,DB,,Bye,FA,,,,,,,,,,,,,,,,,0.0
Jaylinn Hawkins DB - ATL,Jaylinn Hawkins,DB,ATL,ARI,FA,,6.0,,,,,,,,,,,,,,,0.0
Tayler Hawkins DB Q,Tayler Hawkins DB,Q,,Bye,FA,,,,,,,,,,,,,,,,,0.0
Tre Hawkins III DB - NYG,Tre Hawkins III,DB,NYG,Bye,FA,,,,,,,,,,,,,,,,,0.0
Tre Herndon DB - JAX,Tre Herndon,DB,JAX,@HOU,FA,2.0,1.0,,,,,,,,,,,,,,,0.0
Elijah Hicks DB - CHI,Elijah Hicks,DB,CHI,@DET,FA,1.0,,,,,,,,,,,,,,,,0.0
Faion Hicks DB - NO,Faion Hicks,DB,NO,@KC,FA,,,,,,,,,,,,,,,,,0.0
Daxton Hill DB - CIN,Daxton Hill,DB,CIN,BUF,Magic Eulers,,,,,,,,,,,,,,,,,0.0
Mike Hilton DB - CIN,Mike Hilton,DB,CIN,BUF,FA,,,,,,,,,,,,,,,,,0.0
Nate Hobbs DB - LV Q View News,Nate Hobbs,DB,LV,SF,Boppard Raiders,6.0,2.0,,,,,,,,,,,,1.0,,,0.0
Jevon Holland DB - MIA,Jevon Holland,DB,MIA,@NE,GLADIATORS of NORSCHT,7.0,1.0,,,,,,,,,,,,,,,0.0
Ka'dar Hollman DB - HOU,Ka'dar Hollman,DB,HOU,JAX,FA,,,,,,,,,,,,,,,,,0.0
Christian Holmes DB - WAS,Christian Holmes,DB,WAS,CLE,FA,1.0,,,,,,,,,,,,,,,,0.0
Darnay Holmes DB - NYG,Darnay Holmes,DB,NYG,IND,FA,3.0,,,1.0,,,,,,,,,,,,,0.0
Delonte Hood DB,Delonte Hood,DB,,Bye,FA,,,,,,,,,,,,,,,,,0.0
Amani Hooker DB - TEN,Amani Hooker,DB,TEN,DAL,Slay,,,,,,,,,,,,,,,,,0.0
Malik Hooker DB - DAL,Malik Hooker,DB,DAL,@TEN,FA,2.0,1.0,,,,,,,,,,,,,,,0.0
Jaycee Horn DB - CAR IR,Jaycee Horn,DB,CAR,@TB,FA,,,,,,,,,,,,,,,,,0.0
Xavien Howard DB - MIA,Xavien Howard,DB,MIA,@NE,FA,,,,,,,,,,,,,,,,,0.0
Talanoa Hufanga DB - SF,Talanoa Hufanga,DB,SF,@LV,St Quintin Heidschnucken,4.0,5.0,,,,,,,,,,,,,1.0,,0.0
JuJu Hughes DB,JuJu Hughes,DB,,@ATL,FA,,,,,,,,,,,,,,,,,0.0
Mike Hughes DB - ATL,Mike Hughes,DB,ATL,ARI,FA,,,,,,,,,,,,,,,,,0.0
Marlon Humphrey DB - BAL O View News,Marlon Humphrey,DB,BAL,PIT,FlyRamsFly,,,,,,,,,,,,,,,,,0.0
Micah Hyde DB - BUF,Micah Hyde,DB,BUF,@CIN,FA,,,,,,,,,,,,,,,,,0.0
Noah Igbinoghene DB - DAL,Noah Igbinoghene,DB,DAL,@NE,FA,,,,,,,,,,,,,,,,,0.0
Tanner Ingle DB - LA,Tanner Ingle,DB,LA,Bye,FA,,,,,,,,,,,,,,,,,0.0
Ja'Marcus Ingram DB - BUF,Ja'Marcus Ingram,DB,BUF,Bye,FA,,,,,,,,,,,,,,,,,0.0
Christian Izien DB - TB,Christian Izien,DB,TB,Bye,FA,,,,,,,,,,,,,,,,,0.0
Adoree' Jackson DB - NYG,Adoree' Jackson,DB,NYG,IND,FA,,,,,,,,,,,,,,,,,0.0
Dane Jackson DB - BUF,Dane Jackson,DB,BUF,@CIN,FA,,,,,,,,,,,,,,,,,0.0
Donte Jackson DB - CAR,Donte Jackson,DB,CAR,@TB,FA,,,,,,,,,,,,,,,,,0.0
Eddie Jackson DB - CHI O View News,Eddie Jackson,DB,CHI,@DET,Bad Wildcats Hunschat,,,,,,,,,,,,,,,,,0.0
J.C. Jackson DB - LAC View News,J.C. Jackson,DB,LAC,LA,FA,,,,,,,,,,,,,,,,,0.0
Mike Jackson DB - SEA,Mike Jackson,DB,SEA,NYJ,Boppard Raiders,3.0,1.0,,,1.0,,,,,,,,,1.0,,22.0,0.0
Theo Jackson DB - MIN,Theo Jackson,DB,MIN,@GB,FA,1.0,,,,,,,,,,,,,,,,0.0
Jerry Jacobs DB - DET View News,Jerry Jacobs,DB,DET,CHI,W (Oct 4),1.0,2.0,,,,,,,,,,,,,,,0.0
Michael Jacquet DB,Michael Jacquet,DB,,Bye,FA,,,,,,,,,,,,,,,,,0.0
Craig James DB,Craig James,DB,,@SEA,FA,,,,,,,,,,,,,,,,,0.0
Derwin James DB - LAC D View News,Derwin James,DB,LAC,LA,St Quintin Heidschnucken,,,,,,,,,,,,,,,,,0.0
Shemar Jean-Charles DB - SF,Shemar,Jean,Charles,MIN,FA,,,,,,,,,,,,,,,,,0.0
Rayshawn Jenkins DB - JAX,Rayshawn Jenkins,DB,JAX,@HOU,Slay,4.0,1.0,,1.0,,,,,,,,,,,,,0.0
Josh Jobe DB - PHI,Josh Jobe,DB,PHI,NO,FA,,,,,,,,,,,,,,,,,0.0
Danny Johnson DB - WAS,Danny Johnson,DB,WAS,CLE,FA,,1.0,,,,,,,,,,,,2.0,,,0.0
Jaquan Johnson DB,Jaquan Johnson,DB,,SF,FA,,,,,,,,,,,,,,,,,0.0
Jaylon Johnson DB - CHI O View News,Jaylon Johnson,DB,CHI,@DET,FA,,,,,,,,,,,,,,,,,0.0
John Johnson DB - LA Q,John Johnson,DB,LA,@WAS,FA,,,,,,,,,,,,,,,,,0.0
Leonard Johnson DB,Leonard Johnson,DB,,Bye,FA,,,,,,,,,,,,,,,,,0.0
Lonnie Johnson DB - NO,Lonnie Johnson,DB,NO,@PHI,FA,3.0,,,,,,,,,,,,,,,,0.0
Nazeeh Johnson DB - KC IR,Nazeeh Johnson,DB,KC,DEN,FA,2.0,,,,,,,,,,,,,,,,0.0
Quindell Johnson DB - CHI,Quindell Johnson,DB,CHI,Bye,FA,,,,,,,,,,,,,,,,,0.0
Taron Johnson DB - BUF,Taron Johnson,DB,BUF,@CIN,FA,,,,,,,,,,,,,,,,,0.0
Shaun Jolly DB Q,Shaun Jolly DB,Q,,Bye,FA,,,,,,,,,,,,,,,,,0.0
Brandon Jones DB - MIA,Brandon Jones,DB,MIA,@NE,FA,,,,,,,,,,,,,,,,,0.0
Jack Jones DB - NE IR,Jack Jones,DB,NE,MIA,FA,,,,,,,,,,,,,,,,,0.0
Jonathan Jones DB - NE Q View News,Jonathan Jones,DB,NE,MIA,Bad Wildcats Hunschat,3.0,1.0,,,1.0,,,,,,,,,2.0,,2.0,0.0
Jordan Jones DB,Jordan Jones,DB,,Bye,FA,,,,,,,,,,,,,,,,,0.0
Marcus Jones DB - NE IR,Marcus Jones,DB,NE,MIA,FA,,,,,,,,,,,,,,,,,0.0
Nic Jones DB - KC,Nic Jones,DB,KC,Bye,FA,,,,,,,,,,,,,,,,,0.0
Sidney Jones DB - CIN,Sidney Jones,DB,CIN,BUF,FA,,,,,,,,,,,,,,,,,0.0
Kelvin Joseph DB - MIA,Kelvin Joseph,DB,MIA,@TEN,FA,,,,,,,,,,,,,,,,,0.0
Kerby Joseph DB - DET IA,Kerby Joseph,DB,DET,CHI,Boppard Raiders,4.0,,,,,,,,,,,,,1.0,,,0.0
Gregory Junior DB - JAX IR,Gregory Junior,DB,JAX,@HOU,FA,4.0,2.0,,,,,,,,,,,,,,,0.0
Damontae Kazee DB - PIT,Damontae Kazee,DB,PIT,@BAL,FA,,2.0,,,,,,,,,,,,,,,0.0
Jayron Kearse DB - DAL,Jayron Kearse,DB,DAL,@TEN,Koblenz 87ers,5.0,2.0,,,,,,,,,,,,,,,0.0
Kyu Kelly DB - SEA,Kyu Kelly,DB,SEA,Bye,FA,,,,,,,,,,,,,,,,,0.0
Derion Kendrick DB - LA,Derion Kendrick,DB,LA,@LAC,FA,,,,,,,,,,,,,,,,,0.0
Devon Key DB - DEN,Devon Key,DB,DEN,@KC,FA,,,,,,,,,,,,,,,,,0.0
Bopete Keyes DB Q,Bopete Keyes DB,Q,,PIT,FA,,,,,,,,,,,,,,,,,0.0
Miles Killebrew DB - PIT,Miles Killebrew,DB,PIT,@BAL,FA,,,,,,,,,,,,,,,,,0.0
Desmond King DB - PIT,Desmond King,DB,PIT,JAX,FA,6.0,2.0,,2.0,1.0,,,,,,,,,1.0,,1.0,0.0
Qwuantrezz Knight DB - ARI,Qwuantrezz Knight,DB,ARI,Bye,FA,,,,,,,,,,,,,,,,,0.0
Kader Kohou DB - MIA,Kader Kohou,DB,MIA,Bye,FA,,,,,,,,,,,,,,,,,0.0
Quentin Lake DB - LA,Quentin Lake,DB,LA,@LAC,FA,,,,,,,,,,,,,,,,,0.0
Marshon Lattimore DB - NO,Marshon Lattimore,DB,NO,@PHI,FlyRamsFly,6.0,,,,1.0,,,1.0,,,,,,2.0,,12.0,0.0
Raheem Layne DB - LAC,Raheem Layne,DB,LAC,Bye,FA,,,,,,,,,,,,,,,,,0.0
Dallin Leavitt DB - GB,Dallin Leavitt,DB,GB,MIN,W (Oct 4),,1.0,,,,,,,,,,,,,,,0.0
Richard LeCounte DB - TB,Richard LeCounte,DB,TB,@LAC,FA,,,,,,,,,,,,,,,,,0.0
Deommodore Lenoir DB - SF,Deommodore Lenoir,DB,SF,@LV,Bad Wildcats Hunschat,4.0,3.0,,,,,,,,,,,,1.0,1.0,,0.0
Deane Leonard DB - LAC D View News,Deane Leonard,DB,LAC,LA,FA,,,,,,,,,,,,,,,,,0.0
P.J. Locke DB - DEN IR,P.J. Locke,DB,DEN,@KC,FA,,,,,,,,,,,,,,,,,0.0
David Long DB - LV,David Long,DB,LV,SF,FA,,,,,,,,,,,,,,,,,0.0
Julian Love DB - SEA Q,Julian Love,DB,SEA,NYJ,Wbn Beasts,3.0,1.0,,,,,,,,,,,,,,,0.0
Duron Lowe DB,Duron Lowe,DB,,Bye,FA,,,,,,,,,,,,,,,,,0.0
Chase Lucas DB - DET Q,Chase Lucas,DB,DET,CHI,W (Oct 4),,,,,,,,,,,,,,,,,0.0
Darrell Luter Jr. DB - SF PUP,Darrell Luter Jr.,DB,SF,Bye,FA,,,,,,,,,,,,,,,,,0.0
Dylan Mabin DB,Dylan Mabin,DB,,ARI,FA,,,,,,,,,,,,,,,,,0.0
Greg Mabin DB,Greg Mabin,DB,,Bye,FA,,,,,,,,,,,,,,,,,0.0
Avonte Maddox DB - PHI IR,Avonte Maddox,DB,PHI,NO,FA,,,,,,,,,,,,,,,,,0.0
Jartavius Martin DB - WAS,Jartavius Martin,DB,WAS,Bye,FA,,,,,,,,,,,,,,,,,0.0
Tyrann Mathieu DB - NO,Tyrann Mathieu,DB,NO,@PHI,FA,2.0,,,,,,,,,,,,,,,,0.0
Damarri Mathis DB - DEN,Damarri Mathis,DB,DEN,@KC,FA,3.0,1.0,,,,,,,,,,,,,,,0.0
Christian Matthew DB - ARI,Christian Matthew,DB,ARI,@ATL,FA,,2.0,,,,,,,,,,,,1.0,,,0.0
Arthur Maulet DB - BAL,Arthur Maulet,DB,BAL,@BAL,FA,3.0,1.0,,,,,,,,,,,,,,,0.0
Jared Mayden DB,Jared Mayden,DB,,@CIN,FA,,,,,,,,,,,,,,,,,0.0
Marcus Maye DB - NO SUS,Marcus Maye,DB,NO,@PHI,Koblenz 87ers,,,,,,,,,,,,,,,,,0.0
Bobby McCain DB - NYG,Bobby McCain,DB,NYG,IND,FA,,2.0,,,,,,,,,,,,,,,0.0
Mac McCain III DB Q,Mac McCain III DB,Q,,CHI,FA,,,,,,,,,,,,,,,,,0.0
Nick McCloud DB - NYG,Nick McCloud,DB,NYG,IND,FA,1.0,1.0,,,,,,,,,,,,1.0,,,0.0
Tristin McCollum DB - PHI,Tristin McCollum,DB,PHI,Bye,FA,,,,,,,,,,,,,,,,,0.0
Zyon McCollum DB - TB,Zyon McCollum,DB,TB,CAR,FA,2.0,,,,,,,,,,,,,,,,0.0
Roger McCreary DB - TEN,Roger McCreary,DB,TEN,DAL,FA,3.0,,,,,,,,,,,,,1.0,,,0.0
Trent McDuffie DB - KC,Trent McDuffie,DB,KC,DEN,FA,4.0,3.0,1.0,,,1.0,,,,,,,,,1.0,,0.0
Verone McKinley III DB - MIA,Verone McKinley III,DB,MIA,Bye,FA,,,,,,,,,,,,,,,,,0.0
Xavier McKinney DB - NYG,Xavier McKinney,DB,NYG,IND,FA,4.0,3.0,,,,,,,,,,,,1.0,,,0.0
Ja'Quan McMillian DB - DEN,Ja'Quan McMillian,DB,DEN,Bye,FA,,,,,,,,,,,,,,,,,0.0
Zech McPhearson DB - PHI IR,Zech McPhearson,DB,PHI,NO,FA,1.0,,,,,,,,,,,,,,,,0.0
Ifeatu Melifonwu DB - DET,Ifeatu Melifonwu,DB,DET,CHI,W (Oct 4),2.0,2.0,0.5,,,,,,,,,,,2.0,,,0.0
Josh Metellus DB - MIN View News,Josh Metellus,DB,MIN,@GB,FA,,,,,,,,,,,,,1.0,,,,0.0
Herb Miller DB,Herb Miller,DB,,@TB,FA,,,,,,,,,,,,,,,,,0.0
Jalen Mills DB - NE,Jalen Mills,DB,NE,MIA,FA,,,,,,,,,,,,,,,,,0.0
Tre'von Moehrig DB - LV,Tre'von Moehrig,DB,LV,SF,FA,1.0,2.0,,,,,,,,,,,,,,,0.0
Elijah Molden DB - TEN O View News,Elijah Molden,DB,TEN,DAL,FA,,,,,,,,,,,,,,,,,0.0
Smoke Monday DB,Smoke Monday,DB,,Bye,FA,,,,,,,,,,,,,,,,,0.0
Kenny Moore II DB - IND,Kenny Moore II,DB,IND,@NYG,FA,,,,,,,,,,,,,,,,,0.0
Tarvarius Moore DB Q,Tarvarius Moore DB,Q,,MIN,FA,,,,,,,,,,,,,,,,,0.0
Jimmy Moreland DB Q,Jimmy Moreland DB,Q,,@SEA,FA,,,,,,,,,,,,,,,,,0.0
Emmanuel Moseley DB - DET IA,Emmanuel Moseley,DB,DET,CHI,W (Oct 4),,,,,,,,,,,,,,,,,0.0
Quandre Mosely DB,Quandre Mosely,DB,,Bye,FA,,,,,,,,,,,,,,,,,0.0
Riley Moss DB - DEN,Riley Moss,DB,DEN,Bye,FA,,,,,,,,,,,,,,,,,0.0
Israel Mukuamu DB - DAL,Israel Mukuamu,DB,DAL,@TEN,FA,,,,,,,,,,,,,,,,,0.0
Trayvon Mullen DB - BAL NFI-R,Trayvon Mullen,DB,BAL,PIT,FA,,,,,,,,,,,,,,,,,0.0
Byron Murphy DB - MIN View News,Byron Murphy,DB,MIN,@GB,FA,,,,,,,,,,,,,,,,,0.0
Sean Murphy-Bunting DB - TEN,Sean,Murphy,Bunting,DAL,GLADIATORS of NORSCHT,2.0,1.0,,,1.0,1.0,,,,,,,,2.0,,,0.0
Eric Murray DB - HOU,Eric Murray,DB,HOU,JAX,FA,,,,,,,,,,,,,,,,,0.0
Keanu Neal DB - PIT,Keanu Neal,DB,PIT,@BAL,FA,1.0,,,,,,,,,,,,,,,,0.0
Ryan Neal DB - TB,Ryan Neal,DB,TB,CAR,Magic Eulers,,,,,,,,,,,,,,,,,0.0
Siran Neal DB - BUF View News,Siran Neal,DB,BUF,@CIN,FA,,,,,,,,,,,,,,,,,0.0
Nik Needham DB - MIA PUP,Nik Needham,DB,MIA,@NE,FA,,,,,,,,,,,,,,,,,0.0
Scott Nelson DB,Scott Nelson,DB,,@BAL,FA,,,,,,,,,,,,,,,,,0.0
Greg Newsome II DB - CLE,Greg Newsome II,DB,CLE,@WAS,FA,2.0,1.0,,,,,,,,,,,,,,,0.0
Keisean Nixon DB - GB,Keisean Nixon,DB,GB,MIN,W (Oct 4),,,,,,,,,,,,,,,,,0.0
Tre Norwood DB - SF,Tre Norwood,DB,SF,@BAL,FA,,,,,,,,,,,,,,,,,0.0
George Odum DB - SF,George Odum,DB,SF,@LV,FA,,,,,,,,,,,,,,,,,0.0
Michael Ojemudia DB - LA,Michael Ojemudia,DB,LA,@DET,FA,,,,,,,,,,,,,,,,,0.0
Jeff Okudah DB - ATL,Jeff Okudah,DB,ATL,ARI,FA,,1.0,,,,,,,,,,,,,,,0.0
Isaiah Oliver DB - SF,Isaiah Oliver,DB,SF,@LV,FA,5.0,4.0,1.0,1.0,,,,,,,,,,2.0,1.0,,0.0
Amani Oruwariye DB - NYG Q,Amani Oruwariye,DB,NYG,IND,FA,,,,,,,,,,,,,,1.0,,,0.0
Jonathan Owens DB - GB,Jonathan Owens,DB,GB,JAX,W (Oct 4),,,,,,,,,,,,,,,,,0.0
Ayo Oyelola DB - JAX,Ayo Oyelola,DB,JAX,Bye,FA,,,,,,,,,,,,,,,,,0.0
AJ Parker DB,AJ Parker,DB,,@LV,FA,,,,,,,,,,,,,,,,,0.0
Will Parks DB,Will Parks,DB,,@SEA,FA,,,,,,,,,,,,,,,,,0.0
Jabrill Peppers DB - NE,Jabrill Peppers,DB,NE,MIA,FA,6.0,2.0,,,,,,,,,,,,,,,0.0
Jamal Peters DB,Jamal Peters,DB,,Bye,FA,,,,,,,,,,,,,,,,,0.0
Marcus Peters DB - LV,Marcus Peters,DB,LV,PIT,FA,,,,,,,,,,,,,,,,,0.0
Patrick Peterson DB - PIT,Patrick Peterson,DB,PIT,@BAL,FA,4.0,2.0,,,,,,,,,,,,,,,0.0
Adrian Phillips DB - NE,Adrian Phillips,DB,NE,MIA,FA,2.0,2.0,,,,,,,,,,,,,,,0.0
Clark Phillips III DB - ATL,Clark Phillips III,DB,ATL,Bye,FA,,,,,,,,,,,,,,,,,0.0
Darius Phillips DB - DET,Darius Phillips,DB,DET,JAX,W (Oct 4),,,,,,,,,,,,,,,,,0.0
James Pierre DB - PIT,James Pierre,DB,PIT,@BAL,FA,,1.0,,,,,,,,,,,,,,,0.0
Jason Pinnock DB - NYG,Jason Pinnock,DB,NYG,IND,Alta Villa Cardinals,1.0,,,,,,,,,,,,,,,,0.0
Jalen Pitre DB - HOU,Jalen Pitre,DB,HOU,JAX,FA,11.0,2.0,,,1.0,,,,,,,,,1.0,,,0.0
Isaiah Pola-Mao DB - LV,Isaiah,Pola,Mao,Bye,FA,,,,,,,,,,,,,,,,,0.0
Joey Porter Jr. DB - PIT,Joey Porter Jr.,DB,PIT,Bye,FA,,,,,,,,,,,,,,,,,0.0
Jordan Poyer DB - BUF O View News,Jordan Poyer,DB,BUF,@CIN,Bad Wildcats Hunschat,,,,,,,,,,,,,,,,,0.0
Troy Pride DB - LV,Troy Pride,DB,LV,@PHI,FA,,,,,,,,,,,,,,,,,0.0
Jalen Ramsey DB - MIA IR,Jalen Ramsey,DB,MIA,@NE,FA,2.0,1.0,,,,,,,,,,,,1.0,,,0.0
Rodney Randle DB,Rodney Randle,DB,,Bye,FA,,,,,,,,,,,,,,,,,0.0
Taylor Rapp DB - BUF View News,Taylor Rapp,DB,BUF,@CIN,FA,8.0,1.0,,,,,,,,,,,,,,,0.0
Sheldrick Redwine DB - DAL,Sheldrick Redwine,DB,DAL,@TEN,FA,,,,,,,,,,,,,,,,,0.0
D.J. Reed DB - NYJ,D.J. Reed,DB,NYJ,@SEA,FA,,,,,,,,,,,,,,,,,0.0
John Reid DB,John Reid,DB,,@GB,FA,,,,,,,,,,,,,,,,,0.0
Justin Reid DB - KC,Justin Reid,DB,KC,DEN,FA,1.0,2.0,,,,,,,,,,,,2.0,1.0,,0.0
Elijah Riley DB - PIT,Elijah Riley,DB,PIT,@BAL,FA,,,,,,,,,,,,,,,,,0.0
Kelee Ringo DB - PHI,Kelee Ringo,DB,PHI,Bye,FA,,,,,,,,,,,,,,,,,0.0
Amik Robertson DB - LV,Amik Robertson,DB,LV,SF,FA,2.0,,,,1.0,,,,,,,,,1.0,,,0.0
Aaron Robinson DB - NYG PUP,Aaron Robinson,DB,NYG,IND,FA,,,,,,,,,,,,,,,,,0.0
Kenny Robinson DB,Kenny Robinson,DB,,@BAL,FA,,,,,,,,,,,,,,,,,0.0
Robert Rochell DB - CAR,Robert Rochell,DB,CAR,@LAC,FA,,,,,,,,,,,,,,,,,0.0
Isaiah Rodgers DB - PHI SUS,Isaiah Rodgers,DB,PHI,@NYG,FA,,,,,,,,,,,,,,,,,0.0
D'Angelo Ross DB - HOU,D'Angelo Ross,DB,HOU,JAX,FA,,,,,,,,,,,,,,,,,0.0
Eric Rowe DB,Eric Rowe,DB,,@TB,FA,1.0,1.0,,,,,,,,,,,,,,,0.0
Darius Rush DB - KC,Darius Rush,DB,KC,Bye,FA,,,,,,,,,,,,,,,,,0.0
Asante Samuel Jr. DB - LAC,Asante Samuel Jr.,DB,LAC,LA,FA,4.0,2.0,,,,,,,,,,,,,,,0.0
Darnell Savage DB - GB,Darnell Savage,DB,GB,MIN,W (Oct 4),1.0,1.0,,,1.0,,,1.0,,,,,,1.0,,75.0,0.0
Brenden Schooler DB - NE,Brenden Schooler,DB,NE,Bye,FA,,,,,,,,,,,,,,,,,0.0
Eric Scott Jr. DB - DAL,Eric Scott Jr.,DB,DAL,Bye,FA,,,,,,,,,,,,,,,,,0.0
Josiah Scott DB - PIT O,Josiah Scott,DB,PIT,NO,FA,3.0,1.0,,,1.0,,,,,,,,,1.0,,13.0,0.0
Nick Scott DB - CIN,Nick Scott,DB,CIN,BUF,FA,4.0,2.0,,,,,,,,,,,,,,,0.0
Kevon Seymour DB - BAL,Kevon Seymour,DB,BAL,PIT,FA,,,,,,,,,,,,,,,,,0.0
Duke Shelley DB - LA,Duke Shelley,DB,LA,SF,FA,2.0,1.0,,,,,,,,,,,,1.0,,,0.0
Justin Simmons DB - DEN Q View News,Justin Simmons,DB,DEN,@KC,Washington Fantasy Team,1.0,,,,1.0,,,,,,,,,1.0,,,0.0
Darius Slay DB - PHI,Darius Slay,DB,PHI,NO,GLADIATORS of NORSCHT,5.0,,,,,,,,,,,,,,,,0.0
Cam Smith DB - MIA,Cam Smith,DB,MIA,Bye,FA,,,,,,,,,,,,,,,,,0.0
Harrison Smith DB - MIN,Harrison Smith,DB,MIN,@GB,Alta Villa Cardinals,2.0,3.0,,,,,,,,,,,,,,,0.0
Terell Smith DB - CHI,Terell Smith,DB,CHI,Bye,FA,,,,,,,,,,,,,,,,,0.0
Tremon Smith DB - DEN,Tremon Smith,DB,DEN,@KC,FA,,,,,,,,,,,,,,,,,0.0
L'Jarius Sneed DB - KC,L'Jarius Sneed,DB,KC,DEN,FlyRamsFly,2.0,1.0,,,1.0,,,,,,,,,1.0,,25.0,0.0
Benjamin St-Juste DB - WAS,Benjamin,St,Juste,CLE,FA,,,,,,,,,,,,,,,,,0.0
Brandon Stephens DB - BAL,Brandon Stephens,DB,BAL,PIT,FA,7.0,1.0,,,,,,,,,,,,2.0,,,0.0
Caden Sterns DB - DEN IR,Caden Sterns,DB,DEN,@KC,FA,,,,,,,,,,,,,,,,,0.0
Tyrique Stevenson DB - CHI,Tyrique Stevenson,DB,CHI,Bye,FA,,,,,,,,,,,,,,,,,0.0
M.J. Stewart DB - HOU,M.J. Stewart,DB,HOU,JAX,FA,,1.0,,,,,,,,,,,,,,,0.0
Derek Stingley Jr. DB - HOU IR,Derek Stingley Jr.,DB,HOU,JAX,FA,,,,,,,,,,,,,,,,,0.0
Eric Stokes DB - GB PUP,Eric Stokes,DB,GB,MIN,W (Oct 4),,,,,,,,,,,,,,,,,0.0
Geno Stone DB - BAL,Geno Stone,DB,BAL,PIT,FA,,,,,,,,,,,,,,,,,0.0
Greg Stroman DB - CHI,Greg Stroman,DB,CHI,@DET,FA,,,,,,,,,,,,,,,,,0.0
Chandon Sullivan DB - PIT,Chandon Sullivan,DB,PIT,@BAL,FA,2.0,,,,,,,,,,,,,,,,0.0
Pat Surtain II DB - DEN,Pat Surtain II,DB,DEN,@KC,FA,1.0,1.0,,,,,,,,,,,,,,,0.0
Cameron Sutton DB - DET,Cameron Sutton,DB,DET,CHI,W (Oct 4),1.0,1.0,,,,,,,,,,,,,,,0.0
Tre Swilling DB,Tre Swilling,DB,,Bye,FA,,,,,,,,,,,,,,,,,0.0
Alontae Taylor DB - NO,Alontae Taylor,DB,NO,@PHI,FA,,,,,,,,,,,,,,,,,0.0
Ja'Sir Taylor DB - LAC,Ja'Sir Taylor,DB,LAC,LA,FA,,3.0,,,,,,,,,,,,1.0,,,0.0
Keith Taylor DB - KC,Keith Taylor,DB,KC,@TB,FA,1.0,2.0,,,,,,,,,,,,,,,0.0
Cam Taylor-Britt DB - CIN,Cam,Taylor,Britt,BUF,FA,,,,,,,,,,,,,,,,,0.0
A.J. Terrell DB - ATL,A.J. Terrell,DB,ATL,ARI,FA,4.0,1.0,,,,,,,,,,,,,,,0.0
A.J. Thomas DB - CHI,A.J. Thomas,DB,CHI,Bye,FA,,,,,,,,,,,,,,,,,0.0
Ambry Thomas DB - SF View News,Ambry Thomas,DB,SF,@LV,FA,,,,,,,,,,,,,,,,,0.0
Daniel Thomas DB - JAX,Daniel Thomas,DB,JAX,@HOU,FA,,,,,,,,,,,,,,,,,0.0
Josh Thomas DB,Josh Thomas,DB,,@ATL,FA,,,,,,,,,,,,,,,,,0.0
Juanyeh Thomas DB - DAL,Juanyeh Thomas,DB,DAL,Bye,FA,,,,,,,,,,,,,,,,,0.0
Kiondre Thomas DB - GB,Kiondre Thomas,DB,GB,MIN,W (Oct 4),,,,,,,,,,,,,,,,,0.0
Rodney Thomas DB - IND,Rodney Thomas,DB,IND,@NYG,FA,6.0,1.0,,,,,,,,,,,,,,,0.0
Tavierre Thomas DB - HOU O View News,Tavierre Thomas,DB,HOU,JAX,FA,1.0,,,,,,,,,,,,,,,,0.0
Stantley Thomas-Oliver DB Q,Stantley,Thomas,Oliver,@TB,FA,,,,,,,,,,,,,,,,,0.0
Deionte Thompson DB,Deionte Thompson,DB,,@HOU,FA,,,,,,,,,,,,,,,,,0.0
Jalen Thompson DB - ARI,Jalen Thompson,DB,ARI,@ATL,dirty birds,8.0,2.0,,,,,,,,,,,,,,,0.0
Josh Thompson DB Q,Josh Thompson DB,Q,,DAL,FA,,,,,,,,,,,,,,,,,0.0
Trenton Thompson DB - PIT,Trenton Thompson,DB,PIT,Bye,FA,,,,,,,,,,,,,,,,,0.0
Juan Thornhill DB - CLE,Juan Thornhill,DB,CLE,@WAS,FA,3.0,3.0,,1.0,,,,,,,,,,,,,0.0
Kevin Toliver DB,Kevin Toliver,DB,,@NYG,FA,,,,,,,,,,,,,,,,,0.0
Tre Tomlinson DB - LA,Tre Tomlinson,DB,LA,Bye,FA,,,,,,,,,,,,,,,,,0.0
Cory Trice Jr. DB - PIT IR,Cory Trice Jr.,DB,PIT,Bye,FA,,,,,,,,,,,,,,,,,0.0
DJ Turner II DB - CIN Q,DJ Turner II,DB,CIN,Bye,FA,,,,,,,,,,,,,,,,,0.0
Nolan Turner DB,Nolan Turner,DB,,Bye,FA,,,,,,,,,,,,,,,,,0.0
Delarrin Turner-Yell DB - DEN,Delarrin,Turner,Yell,@KC,FA,1.0,,,,,,,,,,,,,,,,0.0
Kindle Vildor DB - TEN,Kindle Vildor,DB,TEN,@DET,FA,,,,,,,,,,,,,,,,,0.0
Shaun Wade DB - NE Q,Shaun Wade,DB,NE,MIA,FA,,,,,,,,,,,,,,,,,0.0
Tracy Walker III DB - DET,Tracy Walker III,DB,DET,CHI,W (Oct 4),,,,,,,,,,,,,,,,,0.0
K'Von Wallace DB - ARI,K'Von Wallace,DB,ARI,NO,Alta Villa Cardinals,,,,,,,,,,,,,,1.0,,,0.0
Charvarius Ward DB - SF,Charvarius Ward,DB,SF,@LV,Boppard Raiders,2.0,4.0,,,,,,,,,,,,,,,0.0
Denzel Ward DB - CLE,Denzel Ward,DB,CLE,@WAS,Bad Wildcats Hunschat,1.0,,,,1.0,,,,,,,,,1.0,,,0.0
Jay Ward DB - MIN,Jay Ward,DB,MIN,Bye,FA,,,,,,,,,,,,,,,,,0.0
Jimmie Ward DB - HOU,Jimmie Ward,DB,HOU,JAX,FA,6.0,1.0,,,,,,,,,,,,,,,0.0
Ar'Darius Washington DB - BAL IR,Ar'Darius Washington,DB,BAL,PIT,FA,,,,,,,,,,,,,,,,,0.0
Jaylen Watson DB - KC O View News,Jaylen Watson,DB,KC,DEN,FA,6.0,1.0,,,,,,,,,,,,,,,0.0
Sterling Weatherford DB Q,Sterling Weatherford DB,Q,,Bye,FA,,,,,,,,,,,,,,,,,0.0
Mark Webb DB,Mark Webb,DB,,LA,FA,,,,,,,,,,,,,,,,,0.0
Sam Webb DB - CAR,Sam Webb,DB,CAR,Bye,FA,,,,,,,,,,,,,,,,,0.0
Javin White DB Q,Javin White DB,Q,,@DET,FA,,,,,,,,,,,,,,,,,0.0
Tre'Davious White DB - BUF,Tre'Davious White,DB,BUF,@CIN,FA,,,,,,,,,,,,,,,,,0.0
Jordan Whitehead DB - NYJ,Jordan Whitehead,DB,NYJ,@SEA,St Quintin Heidschnucken,2.0,1.0,,,,,,,,,,,,,,,0.0
Jace Whittaker DB,Jace Whittaker,DB,,@ATL,FA,5.0,1.0,,,,,,,,,,,,1.0,,,0.0
James Wiggins DB,James Wiggins,DB,,MIN,FA,,,,,,,,,,,,,,,,,0.0
Chris Wilcox DB - LAC,Chris Wilcox,DB,LAC,@BAL,FA,,,,,,,,,,,,,,,,,0.0
Damarion Williams DB - BAL IR,Damarion Williams,DB,BAL,PIT,FA,,,,,,,,,,,,,,,,,0.0
Darious Williams DB - JAX,Darious Williams,DB,JAX,@HOU,FA,2.0,2.0,,,,,,,,,,,,,,,0.0
Garrett Williams DB - ARI NFI-A,Garrett Williams,DB,ARI,Bye,FA,,,,,,,,,,,,,,,,,0.0
Greedy Williams DB,Greedy Williams,DB,,NO,FA,,1.0,,,,,,,,,,,,,,,0.0
Jarren Williams DB Q,Jarren Williams DB,Q,,CHI,FA,,,,,,,,,,,,,,,,,0.0
Joejuan Williams DB - CHI,Joejuan Williams,DB,CHI,@GB,FA,,,,,,,,,,,,,,,,,0.0
Joshua Williams DB - KC,Joshua Williams,DB,KC,DEN,FA,,,,,,,,,,,,,,,,,0.0
K'Waun Williams DB - DEN IR,K'Waun Williams,DB,DEN,@KC,FA,,,,,,,,,,,,,,1.0,,,0.0
Marcus Williams DB - BAL Q View News,Marcus Williams,DB,BAL,PIT,FA,5.0,4.0,,,,,,,,,,,,1.0,,,0.0
Rodarius Williams DB,Rodarius Williams,DB,,IND,FA,,,,,,,,,,,,,,,,,0.0
Donovan Wilson DB - DAL,Donovan Wilson,DB,DAL,@TEN,FA,,,,,,,,,,,,,,,,,0.0
Marco Wilson DB - ARI,Marco Wilson,DB,ARI,@ATL,FA,,,,,,,,,,,,,,,,,0.0
Antoine Winfield Jr. DB - TB,Antoine Winfield Jr.,DB,TB,CAR,Koblenz 87ers,5.0,1.0,1.0,1.0,,,,,,,,,,,1.0,,0.0
Andrew Wingard DB - JAX,Andrew Wingard,DB,JAX,@HOU,FA,3.0,,,,,,,,,,,,,,,,0.0
Ahkello Witherspoon DB - LA,Ahkello Witherspoon,DB,LA,@BAL,FA,,,,,,,,,,,,,,,,,0.0
Devon Witherspoon DB - SEA,Devon Witherspoon,DB,SEA,Bye,FA,,,,,,,,,,,,,,,,,0.0
Samuel Womack DB - SF IR,Samuel Womack,DB,SF,@LV,FA,,,,,,,,,,,,,,,,,0.0
Jaiden Woodbey DB,Jaiden Woodbey,DB,,Bye,FA,,,,,,,,,,,,,,,,,0.0
JT Woods DB - LAC O View News,JT Woods,DB,LAC,LA,FA,1.0,1.0,,,,,,,,,,,,,,,0.0
Xavier Woods DB - CAR O,Xavier Woods,DB,CAR,@TB,FA,3.0,4.0,,,,,1.0,,,,,,,,,,0.0
Tariq Woolen DB - SEA,Tariq Woolen,DB,SEA,NYJ,Slay,4.0,3.0,,,,,1.0,,,,,,,1.0,,,0.0
Daryl Worley DB - BAL,Daryl Worley,DB,BAL,Bye,FA,,,,,,,,,,,,,,,,,0.0
Nahshon Wright DB - DAL IR,Nahshon Wright,DB,DAL,@TEN,FA,6.0,3.0,,,1.0,,,,,,,,,2.0,,,0.0
Rock Ya-Sin DB - BAL,Rock,Ya,Sin,PIT,FA,,,,,,,,,,,,,,,,,0.0
Russ Yeast DB - LA,Russ Yeast,DB,LA,@LAC,FA,1.0,,,,,,,,,,,,,,,,0.0
Isaac Yiadom DB - NO,Isaac Yiadom,DB,NO,@PHI,FA,,,,,,,,,,,,,,,,,0.0
