Player,Name,Position,Team,Opp,Manager,Tackles_Tot,Tackles_Ast,Tackles_Sck,Tackles_TFL,Turnover_Int,Turnover_Frc Fum,Turnover_Fum Rec,Score_Int TD,Score_FumTD,Score_Blk TD,Score_Saf,Score_Def 2pt Ret,Other_Blk,Other_PDef,Other_QB Hit,Return_Int Yds,Fantasy_Points
Tre Brown DB - SEA Q,Tre Brown,DB,SEA,@DET,FA,4.0,,1.0,1.0,1.0,1.0,,1.0,,,,,,2.0,1.0,40.0,36.0
Jason Pinnock DB - NYG,Jason Pinnock,DB,NYG,@ARI,Alta Villa Cardinals,10.0,3.0,,3.0,,,,,,,,,,,,,27.5
Julian Love DB - SEA Q,Julian Love,DB,SEA,@DET,Wbn Beasts,10.0,3.0,,,,,1.0,,,,,,,,,,24.5
Camryn Bynum DB - MIN,Camryn Bynum,DB,MIN,@PHI,Washington Fantasy Team,6.0,9.0,,1.0,,,,,,,,,,,,,22.5
Daxton Hill DB - CIN,Daxton Hill,DB,CIN,BAL,Magic Eulers,9.0,3.0,,,,,,,,,,,,1.0,,,21.5
Geno Stone DB - BAL,Geno Stone,DB,BAL,@CIN,FA,7.0,2.0,,,1.0,,,,,,,,,1.0,,36.0,19.2
Jalen Thompson DB - ARI,Jalen Thompson,DB,ARI,NYG,dirty birds,5.0,2.0,,1.0,1.0,,,,,,,,,1.0,,35.0,19.0
Deommodore Lenoir DB - SF,Deommodore Lenoir,DB,SF,@LA,Bad Wildcats Hunschat,8.0,2.0,,,1.0,,,,,,,,,1.0,,21.0,17.2
Sean Murphy-Bunting DB - TEN,Sean,Murphy,Bunting,LAC,GLADIATORS of NORSCHT,2.0,3.0,,,,,,,,,,,,3.0,,,16.5
L'Jarius Sneed DB - KC,L'Jarius Sneed,DB,KC,@JAX,FlyRamsFly,6.0,1.0,,1.0,,,1.0,,,,,,,2.0,,,13.5
Marcus Maye DB - NO SUS,Marcus Maye,DB,NO,@CAR,Koblenz 87ers,6.0,1.0,1.0,,,,,,,,,,,,,,12.5
Jayron Kearse DB - DAL,Jayron Kearse,DB,DAL,NYJ,Koblenz 87ers,2.0,,,,1.0,,,,,,,,,1.0,,32.0,12.4
Vonn Bell DB - CAR,Vonn Bell,DB,CAR,NO,St Quintin Heidschnucken,3.0,3.0,,,1.0,,,,,,,,,2.0,,11.0,11.7
Jevon Holland DB - MIA,Jevon Holland,DB,MIA,@NE,GLADIATORS of NORSCHT,6.0,5.0,,1.0,,,,,,,,,,1.0,,,11.5
Elijah Riley DB - PIT,Elijah Riley,DB,PIT,CLE,FA,1.0,,1.0,1.0,,,,,,,,,,,1.0,,11.0
M.J. Stewart DB - HOU,M.J. Stewart,DB,HOU,IND,FA,6.0,4.0,,,,1.0,,,,,,,,,,,11.0
Tre Avery DB - TEN,Tre Avery,DB,TEN,LAC,FA,7.0,1.0,,1.0,,,,,,,,,,1.0,,,10.5
Darious Williams DB - JAX,Darious Williams,DB,JAX,KC,FA,4.0,1.0,,1.0,,1.0,,,,,,,,1.0,,,10.5
Justin Evans DB - PHI Q View News,Justin Evans,DB,PHI,MIN,FA,3.0,,,,,1.0,1.0,,,,,,,1.0,,,10.0
Christian Gonzalez DB - NE,Christian Gonzalez,DB,NE,MIA,Bad Wildcats Hunschat,6.0,,,,1.0,,,,,,,,,1.0,,,10.0
Xavien Howard DB - MIA,Xavien Howard,DB,MIA,@NE,FA,6.0,,,,1.0,,,,,,,,,1.0,,,10.0
Alontae Taylor DB - NO,Alontae Taylor,DB,NO,@CAR,FA,5.0,,,2.0,,,,,,,,,,1.0,,,10.0
Charvarius Ward DB - SF,Charvarius Ward,DB,SF,@LA,Boppard Raiders,8.0,2.0,,,,,,,,,,,,1.0,,,10.0
Denzel Ward DB - CLE,Denzel Ward,DB,CLE,@PIT,Bad Wildcats Hunschat,5.0,,,,,1.0,,,,,,,,2.0,,,10.0
Jordan Whitehead DB - NYJ,Jordan Whitehead,DB,NYJ,@DAL,St Quintin Heidschnucken,7.0,2.0,,1.0,,,,,,,,,,,,,10.0
Kevin Byard DB - TEN,Kevin Byard,DB,TEN,LAC,FlyRamsFly,7.0,5.0,,,,,,,,,,,,,,,9.5
Tre Herndon DB - JAX,Tre Herndon,DB,JAX,KC,FA,4.0,3.0,,,,1.0,,,,,,,,1.0,,,9.5
Grant Delpit DB - CLE,Grant Delpit,DB,CLE,@PIT,Wbn Beasts,4.0,2.0,,,1.0,,1.0,,,,,,,1.0,,,9.0
Sauce Gardner DB - NYJ,Sauce Gardner,DB,NYJ,@DAL,GLADIATORS of NORSCHT,4.0,2.0,,,,1.0,,,,,,,,1.0,,,9.0
Derwin James DB - LAC D View News,Derwin James,DB,LAC,@TEN,St Quintin Heidschnucken,7.0,4.0,,,,,,,,,,,,,,,9.0
Rayshawn Jenkins DB - JAX,Rayshawn Jenkins,DB,JAX,KC,Slay,6.0,2.0,,,,,,,,,,,,2.0,,,9.0
Damontae Kazee DB - PIT,Damontae Kazee,DB,PIT,CLE,FA,6.0,,,,,,1.0,,,,,,,,,,9.0
Rasul Douglas DB - GB,Rasul Douglas,DB,GB,@ATL,dirty birds,4.0,,,,1.0,,,,,,,,,2.0,,-2.0,8.6
Julian Blackmon DB - IND,Julian Blackmon,DB,IND,@HOU,FA,7.0,3.0,,,,,,,,,,,,,,,8.5
Terrell Edmunds DB - PHI,Terrell Edmunds,DB,PHI,MIN,FA,5.0,1.0,,,,1.0,,,,,,,,,,,8.5
Justin Simmons DB - DEN Q View News,Justin Simmons,DB,DEN,WAS,Washington Fantasy Team,7.0,3.0,,,,,,,,,,,,,,,8.5
Jordan Fuller DB - LA,Jordan Fuller,DB,LA,SF,Washington Fantasy Team,3.0,4.0,,,,1.0,,,,,,,,,,,8.0
Theo Jackson DB - MIN,Theo Jackson,DB,MIN,@PHI,FA,4.0,,,,1.0,,,,,,,,,1.0,,,8.0
Kerby Joseph DB - DET IA,Kerby Joseph,DB,DET,SEA,Boppard Raiders,6.0,2.0,,,,,,,,,,,,1.0,,,8.0
Damarri Mathis DB - DEN,Damarri Mathis,DB,DEN,WAS,FA,6.0,,,1.0,,,,,,,,,,,,,8.0
Ryan Neal DB - TB,Ryan Neal,DB,TB,CHI,Magic Eulers,4.0,4.0,,1.0,,,,,,,,,,,,,8.0
Greg Stroman DB - CHI,Greg Stroman,DB,CHI,@TB,FA,5.0,2.0,,1.0,,,,,,,,,,,,,8.0
Xavier Woods DB - CAR O,Xavier Woods,DB,CAR,NO,FA,4.0,4.0,,,,,,,,,,,,2.0,,,8.0
Trevon Diggs DB - DAL IR,Trevon Diggs,DB,DAL,NYJ,FA,1.0,,,,1.0,,,,,,,,,2.0,,8.0,7.6
Jamel Dean DB - TB O View News,Jamel Dean,DB,TB,CHI,FA,7.0,1.0,,,,,,,,,,,,,,,7.5
DeShon Elliott DB - MIA Q View News,DeShon Elliott,DB,MIA,@NE,Wbn Beasts,3.0,1.0,,,,,1.0,,,,,,,1.0,,,7.5
Marcus Epps DB - LV,Marcus Epps,DB,LV,@BUF,Bad Wildcats Hunschat,5.0,1.0,,1.0,,,,,,,,,,,,,7.5
Minkah Fitzpatrick DB - PIT,Minkah Fitzpatrick,DB,PIT,CLE,Washington Fantasy Team,5.0,1.0,,,,,,,,,,,,2.0,,,7.5
C.J. Gardner-Johnson DB - DET,C.J.,Gardner,Johnson,SEA,W (Oct 4),7.0,1.0,,,,,,,,,,,,,,,7.5
Xavier McKinney DB - NYG,Xavier McKinney,DB,NYG,@ARI,FA,6.0,1.0,,,,,,,,,,,,1.0,,,7.5
Kenny Moore II DB - IND,Kenny Moore II,DB,IND,@HOU,FA,5.0,1.0,,1.0,,,,,,,,,,,,,7.5
Asante Samuel Jr. DB - LAC,Asante Samuel Jr.,DB,LAC,@TEN,FA,5.0,1.0,,1.0,,,,,,,,,,,,,7.5
Kei'Trel Clark DB - ARI,Kei'Trel Clark,DB,ARI,NYG,FA,5.0,,,,,,,,,,,,,2.0,,,7.0
Jerry Jacobs DB - DET View News,Jerry Jacobs,DB,DET,SEA,W (Oct 4),6.0,2.0,,,,,,,,,,,,,,,7.0
Roger McCreary DB - TEN,Roger McCreary,DB,TEN,LAC,FA,4.0,2.0,,1.0,,,,,,,,,,,,,7.0
Darnell Savage DB - GB,Darnell Savage,DB,GB,@ATL,W (Oct 4),6.0,2.0,,,,,,,,,,,,,,,7.0
Ar'Darius Washington DB - BAL IR,Ar'Darius Washington,DB,BAL,@CIN,FA,3.0,2.0,,,,,,,,,,,,1.0,1.0,,7.0
Paulson Adebo DB - NO O View News,Paulson Adebo,DB,NO,@CAR,FA,3.0,1.0,,,,,1.0,,,,,,,,,,6.5
Andre Cisco DB - JAX,Andre Cisco,DB,JAX,KC,FA,1.0,1.0,,,1.0,,,,,,,,,2.0,,,6.5
Kamren Curl DB - WAS,Kamren Curl,DB,WAS,@DEN,Koblenz 87ers,4.0,5.0,,,,,,,,,,,,,,,6.5
C.J. Henderson DB - CAR,C.J. Henderson,DB,CAR,NO,FA,6.0,1.0,,,,,,,,,,,,,,,6.5
Nate Hobbs DB - LV Q View News,Nate Hobbs,DB,LV,@BUF,Boppard Raiders,4.0,3.0,,,,,,,,,,,,1.0,,,6.5
Malik Hooker DB - DAL,Malik Hooker,DB,DAL,NYJ,FA,1.0,1.0,,,1.0,,,,,,,,,2.0,,,6.5
Jaylon Johnson DB - CHI O View News,Jaylon Johnson,DB,CHI,@TB,FA,3.0,1.0,,,,1.0,,,,,,,,,,,6.5
Nick Scott DB - CIN,Nick Scott,DB,CIN,BAL,FA,4.0,5.0,,,,,,,,,,,,,,,6.5
Darius Slay DB - PHI,Darius Slay,DB,PHI,MIN,GLADIATORS of NORSCHT,5.0,1.0,,,,,,,,,,,,1.0,,,6.5
K'Von Wallace DB - ARI,K'Von Wallace,DB,ARI,NYG,Alta Villa Cardinals,5.0,3.0,,,,,,,,,,,,,,,6.5
Jaire Alexander DB - GB IA,Jaire Alexander,DB,GB,@ATL,GLADIATORS of NORSCHT,5.0,,,,,,,,,,,,,1.0,,,6.0
Deonte Banks DB - NYG,Deonte Banks,DB,NYG,@ARI,FA,4.0,,,1.0,,,,,,,,,,,,,6.0
Jeremy Chinn DB - CAR,Jeremy Chinn,DB,CAR,NO,FA,3.0,,,1.0,,,,,,,,,,1.0,,,6.0
Akayleb Evans DB - MIN,Akayleb Evans,DB,MIN,@PHI,FA,3.0,4.0,,,,,,,,,,,,1.0,,,6.0
Rudy Ford DB - GB,Rudy Ford,DB,GB,@ATL,W (Oct 4),5.0,2.0,,,,,,,,,,,,,,,6.0
Keanu Neal DB - PIT,Keanu Neal,DB,PIT,CLE,FA,4.0,2.0,,,,,,,,,,,,1.0,,,6.0
Cameron Sutton DB - DET,Cameron Sutton,DB,DET,SEA,W (Oct 4),6.0,,,,,,,,,,,,,,,,6.0
Emmanuel Forbes DB - WAS,Emmanuel Forbes,DB,WAS,@DEN,FA,3.0,,,,1.0,,,,,,,,,2.0,,3.0,5.6
Kyle Dugger DB - NE,Kyle Dugger,DB,NE,MIA,Magic Eulers,2.0,1.0,,1.0,,,,,,,,,,1.0,,,5.5
Mike Hilton DB - CIN,Mike Hilton,DB,CIN,BAL,FA,4.0,1.0,,,,,,,,,,,,1.0,,,5.5
Adoree' Jackson DB - NYG,Adoree' Jackson,DB,NYG,@ARI,FA,4.0,1.0,,,,,,,,,,,,1.0,,,5.5
Donte Jackson DB - CAR,Donte Jackson,DB,CAR,NO,FA,5.0,1.0,,,,,,,,,,,,,,,5.5
Josh Jobe DB - PHI,Josh Jobe,DB,PHI,MIN,FA,5.0,1.0,,,,,,,,,,,,,,,5.5
Kader Kohou DB - MIA,Kader Kohou,DB,MIA,@NE,FA,3.0,1.0,,1.0,,,,,,,,,,,,,5.5
Tre'von Moehrig DB - LV,Tre'von Moehrig,DB,LV,@BUF,FA,4.0,1.0,,,,,,,,,,,,1.0,,,5.5
Justin Reid DB - KC,Justin Reid,DB,KC,@JAX,FA,5.0,1.0,,,,,,,,,,,,,,,5.5
Tyrique Stevenson DB - CHI,Tyrique Stevenson,DB,CHI,@TB,FA,4.0,3.0,,,,,,,,,,,,,,,5.5
Derek Stingley Jr. DB - HOU IR,Derek Stingley Jr.,DB,HOU,IND,FA,5.0,1.0,,,,,,,,,,,,,,,5.5
Tony Adams DB - NYJ O View News,Tony Adams,DB,NYJ,@DAL,FA,5.0,,,,,,,,,,,,,,,,5.0
Michael Davis DB - LAC,Michael Davis,DB,LAC,@TEN,FA,3.0,,,1.0,,,,,,,,,,,,,5.0
Dane Jackson DB - BUF,Dane Jackson,DB,BUF,LV,FA,2.0,,,,,1.0,,,,,,,,,,,5.0
Marshon Lattimore DB - NO,Marshon Lattimore,DB,NO,@CAR,FlyRamsFly,3.0,2.0,,,,,,,,,,,,1.0,,,5.0
Harrison Smith DB - MIN,Harrison Smith,DB,MIN,@PHI,Alta Villa Cardinals,4.0,2.0,,,,,,,,,,,,,,,5.0
Cam Taylor-Britt DB - CIN,Cam,Taylor,Britt,BAL,FA,5.0,,,,,,,,,,,,,,,,5.0
A.J. Terrell DB - ATL,A.J. Terrell,DB,ATL,GB,FA,3.0,,,,,,,,,,,,,2.0,,,5.0
Levi Wallace DB - PIT,Levi Wallace,DB,PIT,CLE,FA,5.0,,,,,,,,,,,,,,,,5.0
Marco Wilson DB - ARI,Marco Wilson,DB,ARI,NYG,FA,5.0,,,,,,,,,,,,,,,,5.0
Alohi Gilman DB - LAC Q View News,Alohi Gilman,DB,LAC,@TEN,Washington Fantasy Team,3.0,3.0,,,,,,,,,,,,,,,4.5
Stephon Gilmore DB - DAL,Stephon Gilmore,DB,DAL,NYJ,FA,4.0,1.0,,,,,,,,,,,,,,,4.5
Avonte Maddox DB - PHI IR,Avonte Maddox,DB,PHI,MIN,FA,1.0,1.0,,,,1.0,,,,,,,,,,,4.5
Trent McDuffie DB - KC,Trent McDuffie,DB,KC,@JAX,FA,,3.0,,,,,,,,,,,,1.0,1.0,,4.5
Elijah Molden DB - TEN O View News,Elijah Molden,DB,TEN,LAC,FA,4.0,1.0,,,,,,,,,,,,,,,4.5
Jabrill Peppers DB - NE,Jabrill Peppers,DB,NE,MIA,FA,3.0,3.0,,,,,,,,,,,,,,,4.5
Antoine Winfield Jr. DB - TB,Antoine Winfield Jr.,DB,TB,CHI,Koblenz 87ers,2.0,1.0,,,,,,,,,,,,2.0,,,4.5
Devon Witherspoon DB - SEA,Devon Witherspoon,DB,SEA,@DET,FA,2.0,3.0,,,,,,,,,,,,1.0,,,4.5
Chidobe Awuzie DB - CIN,Chidobe Awuzie,DB,CIN,BAL,FA,3.0,,,,,,,,,,,,,1.0,,,4.0
Darrell Baker Jr. DB - IND,Darrell Baker Jr.,DB,IND,@HOU,FA,3.0,,,,,,,,,,,,,1.0,,,4.0
Jaquan Brisker DB - CHI,Jaquan Brisker,DB,CHI,@TB,Magic Eulers,1.0,4.0,,,,,,,,,,,,1.0,,,4.0
Andre Chachere DB - ARI,Andre Chachere,DB,ARI,NYG,FA,2.0,,,,,,,,,,,,,2.0,,,4.0
Quandre Diggs DB - SEA Q,Quandre Diggs,DB,SEA,@DET,Koblenz 87ers,3.0,2.0,,,,,,,,,,,,,,,4.0
Cobie Durant DB - LA,Cobie Durant,DB,LA,SF,FA,2.0,2.0,,,,,,,,,,,,1.0,,,4.0
Kendall Fuller DB - WAS,Kendall Fuller,DB,WAS,@DEN,FA,2.0,2.0,,,,,,,,,,,,1.0,,,4.0
Elijah Hicks DB - CHI,Elijah Hicks,DB,CHI,@TB,FA,2.0,4.0,,,,,,,,,,,,,,,4.0
Marcus Jones DB - NE IR,Marcus Jones,DB,NE,MIA,FA,4.0,,,,,,,,,,,,,,,,4.0
Tyrann Mathieu DB - NO,Tyrann Mathieu,DB,NO,@CAR,FA,3.0,2.0,,,,,,,,,,,,,,,4.0
Taylor Rapp DB - BUF View News,Taylor Rapp,DB,BUF,LV,FA,1.0,,,,,,1.0,,,,,,,,,,4.0
D.J. Reed DB - NYJ,D.J. Reed,DB,NYJ,@DAL,FA,3.0,2.0,,,,,,,,,,,,,,,4.0
Kelee Ringo DB - PHI,Kelee Ringo,DB,PHI,MIN,FA,1.0,,,,,,1.0,,,,,,,,,,4.0
Benjamin St-Juste DB - WAS,Benjamin,St,Juste,@DEN,FA,3.0,2.0,,,,,,,,,,,,,,,4.0
Chandon Sullivan DB - PIT,Chandon Sullivan,DB,PIT,CLE,FA,2.0,2.0,,,,,,,,,,,,1.0,,,4.0
Rodney Thomas DB - IND,Rodney Thomas,DB,IND,@HOU,FA,4.0,,,,,,,,,,,,,,,,4.0
Russ Yeast DB - LA,Russ Yeast,DB,LA,SF,FA,2.0,4.0,,,,,,,,,,,,,,,4.0
Keisean Nixon DB - GB,Keisean Nixon,DB,GB,@ATL,W (Oct 4),,2.0,,,,,,,,,,,,,,,3.75
Adrian Amos DB - NYJ,Adrian Amos,DB,NYJ,@DAL,FA,3.0,1.0,,,,,,,,,,,,,,,3.5
Markquese Bell DB - DAL,Markquese Bell,DB,DAL,NYJ,FA,3.0,1.0,,,,,,,,,,,,,,,3.5
Brian Branch DB - DET Q View News,Brian Branch,DB,DET,SEA,FlyRamsFly,3.0,1.0,,,,,,,,,,,,,,,3.5
Mario Goodrich DB - PHI,Mario Goodrich,DB,PHI,MIN,FA,3.0,1.0,,,,,,,,,,,,,,,3.5
Richie Grant DB - ATL,Richie Grant,DB,ATL,GB,dirty birds,3.0,1.0,,,,,,,,,,,,,,,3.5
Talanoa Hufanga DB - SF,Talanoa Hufanga,DB,SF,@LA,St Quintin Heidschnucken,2.0,3.0,,,,,,,,,,,,,,,3.5
Micah Hyde DB - BUF,Micah Hyde,DB,BUF,LV,FA,2.0,3.0,,,,,,,,,,,,,,,3.5
Zyon McCollum DB - TB,Zyon McCollum,DB,TB,CHI,FA,2.0,1.0,,,,,,,,,,,,1.0,,,3.5
Juan Thornhill DB - CLE,Juan Thornhill,DB,CLE,@PIT,FA,3.0,1.0,,,,,,,,,,,,,,,3.5
Jessie Bates DB - ATL,Jessie Bates,DB,ATL,GB,Alta Villa Cardinals,3.0,,,,,,,,,,,,,,,,3.0
Michael Carter II DB - NYJ,Michael Carter II,DB,NYJ,@DAL,FA,3.0,,,,,,,,,,,,,,,,3.0
J.C. Jackson DB - LAC View News,J.C. Jackson,DB,LAC,@TEN,FA,3.0,,,,,,,,,,,,,,,,3.0
Taron Johnson DB - BUF,Taron Johnson,DB,BUF,LV,FA,2.0,2.0,,,,,,,,,,,,,,,3.0
Steven Nelson DB - HOU,Steven Nelson,DB,HOU,IND,FA,2.0,,,,,,,,,,,,,1.0,,,3.0
Greg Newsome II DB - CLE,Greg Newsome II,DB,CLE,@PIT,FA,3.0,,,,,,,,,,,,,,,,3.0
Patrick Peterson DB - PIT,Patrick Peterson,DB,PIT,CLE,FA,2.0,,,,,,,,,,,,,1.0,,,3.0
Brenden Schooler DB - NE,Brenden Schooler,DB,NE,MIA,FA,1.0,,,,,,,,,,,,1.0,,,,3.0
Brandon Stephens DB - BAL,Brandon Stephens,DB,BAL,@CIN,FA,2.0,2.0,,,,,,,,,,,,,,,3.0
Pat Surtain II DB - DEN,Pat Surtain II,DB,DEN,WAS,FA,3.0,,,,,,,,,,,,,,,,3.0
Ambry Thomas DB - SF View News,Ambry Thomas,DB,SF,@LA,FA,3.0,,,,,,,,,,,,,,,,3.0
Essang Bassey DB - DEN,Essang Bassey,DB,DEN,WAS,FA,2.0,1.0,,,,,,,,,,,,,,,2.5
Christian Benford DB - BUF,Christian Benford,DB,BUF,LV,FA,1.0,1.0,,,,,,,,,,,,1.0,,,2.5
Bryan Cook DB - KC,Bryan Cook,DB,KC,@JAX,FA,1.0,1.0,,,,,,,,,,,,1.0,,,2.5
Mike Edwards DB - KC,Mike Edwards,DB,KC,@JAX,FA,2.0,1.0,,,,,,,,,,,,,,,2.5
Darrick Forrest DB - WAS,Darrick Forrest,DB,WAS,@DEN,Boppard Raiders,2.0,1.0,,,,,,,,,,,,,,,2.5
Derion Kendrick DB - LA,Derion Kendrick,DB,LA,SF,FA,2.0,1.0,,,,,,,,,,,,,,,2.5
Byron Murphy DB - MIN View News,Byron Murphy,DB,MIN,@PHI,FA,1.0,1.0,,,,,,,,,,,,1.0,,,2.5
Marcus Peters DB - LV,Marcus Peters,DB,LV,@BUF,FA,2.0,1.0,,,,,,,,,,,,,,,2.5
Jordan Poyer DB - BUF O View News,Jordan Poyer,DB,BUF,LV,Bad Wildcats Hunschat,2.0,1.0,,,,,,,,,,,,,,,2.5
Tre'Davious White DB - BUF,Tre'Davious White,DB,BUF,LV,FA,2.0,1.0,,,,,,,,,,,,,,,2.5
Coby Bryant DB - SEA Q,Coby Bryant,DB,SEA,@DET,FA,2.0,,,,,,,,,,,,,,,,2.0
Dallis Flowers DB - IND,Dallis Flowers,DB,IND,@HOU,FA,1.0,,,,,,,,,,,,,1.0,,,2.0
Tashaun Gipson DB - SF,Tashaun Gipson,DB,SF,@LA,FA,1.0,2.0,,,,,,,,,,,,,,,2.0
Jaylon Jones DB - CHI,Jaylon Jones,DB,CHI,@TB,FA,2.0,,,,,,,,,,,,,,,,2.0
Quentin Lake DB - LA,Quentin Lake,DB,LA,SF,FA,2.0,,,,,,,,,,,,,,,,2.0
David Long DB - LV,David Long,DB,LV,@BUF,FA,2.0,,,,,,,,,,,,,,,,2.0
Jalen Mills DB - NE,Jalen Mills,DB,NE,MIA,FA,2.0,,,,,,,,,,,,,,,,2.0
Jonathan Owens DB - GB,Jonathan Owens,DB,GB,@ATL,W (Oct 4),2.0,,,,,,,,,,,,,,,,2.0
Shaun Wade DB - NE Q,Shaun Wade,DB,NE,MIA,FA,2.0,,,,,,,,,,,,,,,,2.0
Jaylen Watson DB - KC O View News,Jaylen Watson,DB,KC,@JAX,FA,2.0,,,,,,,,,,,,,,,,2.0
Tariq Woolen DB - SEA,Tariq Woolen,DB,SEA,@DET,Slay,2.0,,,,,,,,,,,,,,,,2.0
Mike Hughes DB - ATL,Mike Hughes,DB,ATL,GB,FA,,,,,,,,,,,,,,,,,1.95
Eric Murray DB - HOU,Eric Murray,DB,HOU,IND,FA,1.0,1.0,,,,,,,,,,,,,,,1.5
Adrian Phillips DB - NE,Adrian Phillips,DB,NE,MIA,FA,1.0,1.0,,,,,,,,,,,,,,,1.5
Ja'Sir Taylor DB - LAC,Ja'Sir Taylor,DB,LAC,@TEN,FA,1.0,1.0,,,,,,,,,,,,,,,1.5
Delarrin Turner-Yell DB - DEN,Delarrin,Turner,Yell,WAS,FA,1.0,1.0,,,,,,,,,,,,,,,1.5
Ahkello Witherspoon DB - LA,Ahkello Witherspoon,DB,LA,SF,FA,1.0,1.0,,,,,,,,,,,,,,,1.5
Ashtyn Davis DB - NYJ,Ashtyn Davis,DB,NYJ,@DAL,FA,,1.0,,,,,,,,,,,,,,,1.3
DaRon Bland DB - DAL,DaRon Bland,DB,DAL,NYJ,FA,1.0,,,,,,,,,,,,,,,,1.0
Mike Brown DB - TEN,Mike Brown,DB,TEN,LAC,FA,,,,,,,,,,,,,,1.0,,,1.0
Tony Brown DB - IND,Tony Brown,DB,IND,@HOU,FA,1.0,,,,,,,,,,,,,,,,1.0
Nick Cross DB - IND,Nick Cross,DB,IND,@HOU,FA,1.0,,,,,,,,,,,,,,,,1.0
Brandin Echols DB - NYJ,Brandin Echols,DB,NYJ,@DAL,FA,1.0,,,,,,,,,,,,,,,,1.0
Martin Emerson DB - CLE,Martin Emerson,DB,CLE,@PIT,FA,,,,,,,,,,,,,,1.0,,,1.0
Mike Ford DB - CLE,Mike Ford,DB,CLE,@PIT,FA,1.0,,,,,,,,,,,,,,,,1.0
Tre Hawkins III DB - NYG,Tre Hawkins III,DB,NYG,@ARI,FA,1.0,,,,,,,,,,,,,,,,1.0
Ka'dar Hollman DB - HOU,Ka'dar Hollman,DB,HOU,IND,FA,1.0,,,,,,,,,,,,,,,,1.0
John Johnson DB - LA Q,John Johnson,DB,LA,SF,FA,1.0,,,,,,,,,,,,,,,,1.0
Lonnie Johnson DB - NO,Lonnie Johnson,DB,NO,@CAR,FA,1.0,,,,,,,,,,,,,,,,1.0
Quindell Johnson DB - CHI,Quindell Johnson,DB,CHI,@TB,FA,1.0,,,,,,,,,,,,,,,,1.0
Joey Porter Jr. DB - PIT,Joey Porter Jr.,DB,PIT,CLE,FA,,,,,,,,,,,,,,1.0,,,1.0
Daniel Thomas DB - JAX,Daniel Thomas,DB,JAX,KC,FA,1.0,,,,,,,,,,,,,,,,1.0
Juanyeh Thomas DB - DAL,Juanyeh Thomas,DB,DAL,NYJ,FA,1.0,,,,,,,,,,,,,,,,1.0
Tre Tomlinson DB - LA,Tre Tomlinson,DB,LA,SF,FA,1.0,,,,,,,,,,,,,,,,1.0
Tracy Walker III DB - DET,Tracy Walker III,DB,DET,SEA,W (Oct 4),1.0,,,,,,,,,,,,,,,,1.0
Joshua Williams DB - KC,Joshua Williams,DB,KC,@JAX,FA,1.0,,,,,,,,,,,,,,,,1.0
Andrew Wingard DB - JAX,Andrew Wingard,DB,JAX,KC,FA,1.0,,,,,,,,,,,,,,,,1.0
Rock Ya-Sin DB - BAL,Rock,Ya,Sin,@CIN,FA,,,,,,,,,,,,,,1.0,,,1.0
Tycen Anderson DB - CIN,Tycen Anderson,DB,CIN,BAL,FA,,1.0,,,,,,,,,,,,,,,0.5
Grayland Arnold DB - HOU,Grayland Arnold,DB,HOU,IND,FA,,1.0,,,,,,,,,,,,,,,0.5
Jordan Battle DB - CIN,Jordan Battle,DB,CIN,BAL,FA,,1.0,,,,,,,,,,,,,,,0.5
Percy Butler DB - WAS Q,Percy Butler,DB,WAS,@DEN,FA,,1.0,,,,,,,,,,,,,,,0.5
Innis Gaines DB - GB,Innis Gaines,DB,GB,@ATL,W (Oct 4),,1.0,,,,,,,,,,,,,,,0.5
Chase Lucas DB - DET Q,Chase Lucas,DB,DET,SEA,W (Oct 4),,1.0,,,,,,,,,,,,,,,0.5
George Odum DB - SF,George Odum,DB,SF,@LA,FA,,1.0,,,,,,,,,,,,,,,0.5
Micah Abernathy DB - ATL,Micah Abernathy,DB,ATL,GB,FA,,,,,,,,,,,,,,,,,0.0
Johnathan Abram DB - NO,Johnathan Abram,DB,NO,@CAR,FA,,,,,,,,,,,,,,,,,0.0
Jamal Adams DB - SEA,Jamal Adams,DB,SEA,@DET,St Quintin Heidschnucken,,,,,,,,,,,,,,,,,0.0
Dee Alford DB - ATL,Dee Alford,DB,ATL,GB,Wbn Beasts,,,,,,,,,,,,,,,,,0.0
Ugo Amadi DB - NO,Ugo Amadi,DB,NO,@CAR,FA,,,,,,,,,,,,,,,,,0.0
Troy Apke DB - WAS IR,Troy Apke,DB,WAS,@DEN,FA,,,,,,,,,,,,,,,,,0.0
Jalyn Armour-Davis DB - BAL,Jalyn,Armour,Davis,@CIN,FA,,,,,,,,,,,,,,,,,0.0
Cornell Armstrong DB Q,Cornell Armstrong DB,Q,,Bye,FA,,,,,,,,,,,,,,,,,0.0
Budda Baker DB - ARI IR,Budda Baker,DB,ARI,NYG,FA,,,,,,,,,,,,,,,,,0.0
Corey Ballentine DB - GB,Corey Ballentine,DB,GB,@ATL,W (Oct 4),,,,,,,,,,,,,,,,,0.0
Kalon Barnes DB,Kalon Barnes,DB,,Bye,FA,,,,,,,,,,,,,,,,,0.0
D'Anthony Bell DB - CLE,D'Anthony Bell,DB,CLE,@PIT,FA,,,,,,,,,,,,,,,,,0.0
Dane Belton DB - NYG,Dane Belton,DB,NYG,@ARI,FA,,,,,,,,,,,,,,,,,0.0
Jarrick Bernard-Converse DB - NYJ PUP,Jarrick,Bernard,Converse,@DAL,FA,,,,,,,,,,,,,,,,,0.0
Henry Black DB - IND,Henry Black,DB,IND,@HOU,FA,,,,,,,,,,,,,,,,,0.0
Josh Blackwell DB - CHI IR View News,Josh Blackwell,DB,CHI,@TB,FA,,,,,,,,,,,,,,,,,0.0
Reed Blankenship DB - PHI,Reed Blankenship,DB,PHI,MIN,Alta Villa Cardinals,,,,,,,,,,,,,,,,,0.0
Joshuah Bledsoe DB - NE,Joshuah Bledsoe,DB,NE,MIA,FA,,,,,,,,,,,,,,,,,0.0
Joey Blount DB - ARI,Joey Blount,DB,ARI,NYG,FA,,,,,,,,,,,,,,,,,0.0
Bubba Bolden DB,Bubba Bolden,DB,,Bye,FA,,,,,,,,,,,,,,,,,0.0
Isaiah Bolden DB - NE IR,Isaiah Bolden,DB,NE,MIA,FA,,,,,,,,,,,,,,,,,0.0
Andrew Booth DB - MIN,Andrew Booth,DB,MIN,@PHI,FA,,,,,,,,,,,,,,,,,0.0
Dicaprio Bootle DB - CAR,Dicaprio Bootle,DB,CAR,NO,FA,,,,,,,,,,,,,,,,,0.0
Breon Borders DB - NE,Breon Borders,DB,NE,MIA,FA,,,,,,,,,,,,,,,,,0.0
Kris Boyd DB - ARI,Kris Boyd,DB,ARI,NYG,FA,,,,,,,,,,,,,,,,,0.0
James Bradberry DB - PHI,James Bradberry,DB,PHI,MIN,FA,,,,,,,,,,,,,,,,,0.0
Christian Braswell DB - JAX,Christian Braswell,DB,JAX,KC,FA,,,,,,,,,,,,,,,,,0.0
Brady Breeze DB,Brady Breeze,DB,,Bye,FA,,,,,,,,,,,,,,,,,0.0
Julius Brents DB - IND,Julius Brents,DB,IND,@HOU,FA,,,,,,,,,,,,,,,,,0.0
Ike Brown DB,Ike Brown,DB,,Bye,FA,,,,,,,,,,,,,,,,,0.0
Sydney Brown DB - PHI O View News,Sydney Brown,DB,PHI,MIN,FA,,,,,,,,,,,,,,,,,0.0
Terrell Burgess DB - WAS,Terrell Burgess,DB,WAS,@DEN,FA,,,,,,,,,,,,,,,,,0.0
Deon Bush DB - KC,Deon Bush,DB,KC,@JAX,FA,,,,,,,,,,,,,,,,,0.0
Bryce Callahan DB,Bryce Callahan,DB,,Bye,FA,,,,,,,,,,,,,,,,,0.0
Elijah Campbell DB - MIA,Elijah Campbell,DB,MIA,@NE,FA,,,,,,,,,,,,,,,,,0.0
Tevaughn Campbell DB - JAX,Tevaughn Campbell,DB,JAX,KC,FA,,,,,,,,,,,,,,,,,0.0
Tariq Carpenter DB - PIT,Tariq Carpenter,DB,PIT,CLE,FA,,,,,,,,,,,,,,,,,0.0
T.J. Carrie DB,T.J. Carrie,DB,,Bye,FA,,,,,,,,,,,,,,,,,0.0
Shyheim Carter DB - TEN,Shyheim Carter,DB,TEN,LAC,FA,,,,,,,,,,,,,,,,,0.0
Tariq Castro-Fields DB - WAS,Tariq,Castro,Fields,@DEN,FA,,,,,,,,,,,,,,,,,0.0
Anthony Chesley DB,Anthony Chesley,DB,,Bye,FA,,,,,,,,,,,,,,,,,0.0
Lewis Cine DB - MIN O View News,Lewis Cine,DB,MIN,@PHI,FA,,,,,,,,,,,,,,,,,0.0
Chuck Clark DB - NYJ IR,Chuck Clark,DB,NYJ,@DAL,FA,,,,,,,,,,,,,,,,,0.0
Chris Claybrooks DB - JAX EXE,Chris Claybrooks,DB,JAX,KC,FA,,,,,,,,,,,,,,,,,0.0
Adrian Colbert DB Q,Adrian Colbert DB,Q,,Bye,FA,,,,,,,,,,,,,,,,,0.0
Landon Collins DB,Landon Collins,DB,,Bye,FA,,,,,,,,,,,,,,,,,0.0
Yusuf Corker DB,Yusuf Corker,DB,,Bye,FA,,,,,,,,,,,,,,,,,0.0
Bryce Cosby DB,Bryce Cosby,DB,,Bye,FA,,,,,,,,,,,,,,,,,0.0
Tyler Coyle DB,Tyler Coyle,DB,,Bye,FA,,,,,,,,,,,,,,,,,0.0
Xavier Crawford DB,Xavier Crawford,DB,,Bye,FA,,,,,,,,,,,,,,,,,0.0
Keion Crossen DB - MIA IR,Keion Crossen,DB,MIA,@NE,FA,,,,,,,,,,,,,,,,,0.0
Marcel Dabo DB - IND,Marcel Dabo,DB,IND,@HOU,FA,,,,,,,,,,,,,,,,,0.0
Cameron Dantzler DB - NO,Cameron Dantzler,DB,NO,@CAR,FA,,,,,,,,,,,,,,,,,0.0
Carlton Davis DB - TB Q View News,Carlton Davis,DB,TB,CHI,FA,,,,,,,,,,,,,,,,,0.0
Cody Davis DB - NE PUP,Cody Davis,DB,NE,MIA,FA,,,,,,,,,,,,,,,,,0.0
Tyon Davis DB,Tyon Davis,DB,,Bye,FA,,,,,,,,,,,,,,,,,0.0
Duke Dawson DB Q,Duke Dawson DB,Q,,Bye,FA,,,,,,,,,,,,,,,,,0.0
Dee Delaney DB - TB,Dee Delaney,DB,TB,CHI,FA,,,,,,,,,,,,,,,,,0.0
Trevor Denbow DB - IND,Trevor Denbow,DB,IND,@HOU,FA,,,,,,,,,,,,,,,,,0.0
Myles Dorn DB Q,Myles Dorn DB,Q,,Bye,FA,,,,,,,,,,,,,,,,,0.0
Khalil Dorsey DB - DET IR,Khalil Dorsey,DB,DET,SEA,W (Oct 4),,,,,,,,,,,,,,,,,0.0
Isaiah Dunn DB,Isaiah Dunn,DB,,Bye,FA,,,,,,,,,,,,,,,,,0.0
Kaiir Elam DB - BUF,Kaiir Elam,DB,BUF,LV,FA,,,,,,,,,,,,,,,,,0.0
Tino Ellis DB Q,Tino Ellis DB,Q,,Bye,FA,,,,,,,,,,,,,,,,,0.0
Brandon Facyson DB - LV IR,Brandon Facyson,DB,LV,@BUF,FA,,,,,,,,,,,,,,,,,0.0
Caleb Farley DB - TEN PUP,Caleb Farley,DB,TEN,LAC,FA,,,,,,,,,,,,,,,,,0.0
Rashad Fenton DB - ARI IR,Rashad Fenton,DB,ARI,NYG,FA,,,,,,,,,,,,,,,,,0.0
DaMarcus Fields DB,DaMarcus Fields,DB,,Bye,FA,,,,,,,,,,,,,,,,,0.0
Cordale Flott DB - NYG,Cordale Flott,DB,NYG,@ARI,FA,,,,,,,,,,,,,,,,,0.0
Tyrell Ford DB,Tyrell Ford,DB,,Bye,FA,,,,,,,,,,,,,,,,,0.0
Jacobi Francis DB - HOU,Jacobi Francis,DB,HOU,IND,FA,,,,,,,,,,,,,,,,,0.0
Benjie Franklin DB,Benjie Franklin,DB,,Bye,FA,,,,,,,,,,,,,,,,,0.0
Sam Franklin Jr. DB - CAR,Sam Franklin Jr.,DB,CAR,NO,FA,,,,,,,,,,,,,,,,,0.0
Kristian Fulton DB - TEN,Kristian Fulton,DB,TEN,LAC,FA,,,,,,,,,,,,,,,,,0.0
Don Gardner DB Q,Don Gardner DB,Q,,Bye,FA,,,,,,,,,,,,,,,,,0.0
Allan George DB - CIN,Allan George,DB,CIN,BAL,FA,,,,,,,,,,,,,,,,,0.0
Jake Gervase DB,Jake Gervase,DB,,Bye,FA,,,,,,,,,,,,,,,,,0.0
Zyon Gilbert DB Q,Zyon Gilbert DB,Q,,Bye,FA,,,,,,,,,,,,,,,,,0.0
Tyree Gillespie DB Q,Tyree Gillespie DB,Q,,Bye,FA,,,,,,,,,,,,,,,,,0.0
C.J. Goodwin DB - DAL,C.J. Goodwin,DB,DAL,NYJ,FA,,,,,,,,,,,,,,,,,0.0
Tay Gowan DB Q,Tay Gowan DB,Q,,Bye,FA,,,,,,,,,,,,,,,,,0.0
Thomas Graham Jr. DB - CLE IR,Thomas Graham Jr.,DB,CLE,@PIT,FA,,,,,,,,,,,,,,,,,0.0
Vincent Gray DB,Vincent Gray,DB,,Bye,FA,,,,,,,,,,,,,,,,,0.0
A.J. Green DB - CLE,A.J. Green,DB,CLE,@PIT,FA,,,,,,,,,,,,,,,,,0.0
Shaquill Griffin DB - HOU,Shaquill Griffin,DB,HOU,IND,FA,,,,,,,,,,,,,,,,,0.0
Javelin Guidry DB - NYJ IR,Javelin Guidry,DB,NYJ,@DAL,FA,,,,,,,,,,,,,,,,,0.0
Nate Hairston DB,Nate Hairston,DB,,Bye,FA,,,,,,,,,,,,,,,,,0.0
Bryce Hall DB - NYJ,Bryce Hall,DB,NYJ,@DAL,FA,,,,,,,,,,,,,,,,,0.0
Darren Hall DB - IND,Darren Hall,DB,IND,@HOU,FA,,,,,,,,,,,,,,,,,0.0
Kemon Hall DB Q,Kemon Hall DB,Q,,Bye,FA,,,,,,,,,,,,,,,,,0.0
Tyler Hall DB - LV,Tyler Hall,DB,LV,@BUF,FA,,,,,,,,,,,,,,,,,0.0
Antonio Hamilton DB - ARI,Antonio Hamilton,DB,ARI,NYG,FA,,,,,,,,,,,,,,,,,0.0
Damar Hamlin DB - BUF,Damar Hamlin,DB,BUF,LV,dirty birds,,,,,,,,,,,,,,,,,0.0
Matt Hankins DB - LAC,Matt Hankins,DB,LAC,@TEN,FA,,,,,,,,,,,,,,,,,0.0
Justin Hardee DB - NYJ,Justin Hardee,DB,NYJ,@DAL,FA,,,,,,,,,,,,,,,,,0.0
Madre Harper DB,Madre Harper,DB,,Bye,FA,,,,,,,,,,,,,,,,,0.0
Chris Harris DB,Chris Harris,DB,,Bye,FA,,,,,,,,,,,,,,,,,0.0
Davontae Harris DB,Davontae Harris,DB,,Bye,FA,,,,,,,,,,,,,,,,,0.0
Will Harris DB - DET,Will Harris,DB,DET,SEA,W (Oct 4),,,,,,,,,,,,,,,,,0.0
Myles Hartsfield DB,Myles Hartsfield,DB,,Bye,FA,,,,,,,,,,,,,,,,,0.0
Brad Hawkins DB,Brad Hawkins,DB,,Bye,FA,,,,,,,,,,,,,,,,,0.0
Jaylinn Hawkins DB - ATL,Jaylinn Hawkins,DB,ATL,GB,FA,,,,,,,,,,,,,,,,,0.0
Tayler Hawkins DB Q,Tayler Hawkins DB,Q,,Bye,FA,,,,,,,,,,,,,,,,,0.0
Faion Hicks DB - NO,Faion Hicks,DB,NO,@CAR,FA,,,,,,,,,,,,,,,,,0.0
Christian Holmes DB - WAS,Christian Holmes,DB,WAS,@DEN,FA,,,,,,,,,,,,,,,,,0.0
Delonte Hood DB,Delonte Hood,DB,,Bye,FA,,,,,,,,,,,,,,,,,0.0
Amani Hooker DB - TEN,Amani Hooker,DB,TEN,LAC,Slay,,,,,,,,,,,,,,,,,0.0
Jaycee Horn DB - CAR IR,Jaycee Horn,DB,CAR,NO,FA,,,,,,,,,,,,,,,,,0.0
JuJu Hughes DB,JuJu Hughes,DB,,Bye,FA,,,,,,,,,,,,,,,,,0.0
Marlon Humphrey DB - BAL O View News,Marlon Humphrey,DB,BAL,@CIN,FlyRamsFly,,,,,,,,,,,,,,,,,0.0
Noah Igbinoghene DB - DAL,Noah Igbinoghene,DB,DAL,NYJ,FA,,,,,,,,,,,,,,,,,0.0
Tanner Ingle DB - LA,Tanner Ingle,DB,LA,SF,FA,,,,,,,,,,,,,,,,,0.0
Ja'Marcus Ingram DB - BUF,Ja'Marcus Ingram,DB,BUF,LV,FA,,,,,,,,,,,,,,,,,0.0
Christian Izien DB - TB,Christian Izien,DB,TB,CHI,FA,,,,,,,,,,,,,,,,,0.0
Chris Jackson DB,Chris Jackson,DB,,Bye,FA,,,,,,,,,,,,,,,,,0.0
Eddie Jackson DB - CHI O View News,Eddie Jackson,DB,CHI,@TB,Bad Wildcats Hunschat,,,,,,,,,,,,,,,,,0.0
Mike Jackson DB - SEA,Mike Jackson,DB,SEA,@DET,Boppard Raiders,,,,,,,,,,,,,,,,,0.0
Michael Jacquet DB,Michael Jacquet,DB,,Bye,FA,,,,,,,,,,,,,,,,,0.0
Craig James DB,Craig James,DB,,Bye,FA,,,,,,,,,,,,,,,,,0.0
Shemar Jean-Charles DB - SF,Shemar,Jean,Charles,@LA,FA,,,,,,,,,,,,,,,,,0.0
Danny Johnson DB - WAS,Danny Johnson,DB,WAS,@DEN,FA,,,,,,,,,,,,,,,,,0.0
Jaquan Johnson DB,Jaquan Johnson,DB,,Bye,FA,,,,,,,,,,,,,,,,,0.0
Leonard Johnson DB,Leonard Johnson,DB,,Bye,FA,,,,,,,,,,,,,,,,,0.0
Nazeeh Johnson DB - KC IR,Nazeeh Johnson,DB,KC,@JAX,FA,,,,,,,,,,,,,,,,,0.0
Shaun Jolly DB Q,Shaun Jolly DB,Q,,Bye,FA,,,,,,,,,,,,,,,,,0.0
Brandon Jones DB - MIA,Brandon Jones,DB,MIA,@NE,FA,,,,,,,,,,,,,,,,,0.0
Jack Jones DB - NE IR,Jack Jones,DB,NE,MIA,FA,,,,,,,,,,,,,,,,,0.0
Jonathan Jones DB - NE Q View News,Jonathan Jones,DB,NE,MIA,Bad Wildcats Hunschat,,,,,,,,,,,,,,,,,0.0
Jordan Jones DB,Jordan Jones,DB,,Bye,FA,,,,,,,,,,,,,,,,,0.0
Nic Jones DB - KC,Nic Jones,DB,KC,@JAX,FA,,,,,,,,,,,,,,,,,0.0
Kelvin Joseph DB - MIA,Kelvin Joseph,DB,MIA,@NE,FA,,,,,,,,,,,,,,,,,0.0
Gregory Junior DB - JAX IR,Gregory Junior,DB,JAX,KC,FA,,,,,,,,,,,,,,,,,0.0
Kyu Kelly DB - SEA,Kyu Kelly,DB,SEA,@DET,FA,,,,,,,,,,,,,,,,,0.0
Devon Key DB - DEN,Devon Key,DB,DEN,WAS,FA,,,,,,,,,,,,,,,,,0.0
Bopete Keyes DB Q,Bopete Keyes DB,Q,,Bye,FA,,,,,,,,,,,,,,,,,0.0
Miles Killebrew DB - PIT,Miles Killebrew,DB,PIT,CLE,FA,,,,,,,,,,,,,,,,,0.0
Desmond King DB - PIT,Desmond King,DB,PIT,CLE,FA,,,,,,,,,,,,,,,,,0.0
Qwuantrezz Knight DB - ARI,Qwuantrezz Knight,DB,ARI,NYG,FA,,,,,,,,,,,,,,,,,0.0
Raheem Layne DB - LAC,Raheem Layne,DB,LAC,@TEN,FA,,,,,,,,,,,,,,,,,0.0
Dallin Leavitt DB - GB,Dallin Leavitt,DB,GB,@ATL,W (Oct 4),,,,,,,,,,,,,,,,,0.0
Richard LeCounte DB - TB,Richard LeCounte,DB,TB,CHI,FA,,,,,,,,,,,,,,,,,0.0
Deane Leonard DB - LAC D View News,Deane Leonard,DB,LAC,@TEN,FA,,,,,,,,,,,,,,,,,0.0
Jourdan Lewis DB - DAL,Jourdan Lewis,DB,DAL,NYJ,FA,,,,,,,,,,,,,,,,,0.0
P.J. Locke DB - DEN IR,P.J. Locke,DB,DEN,WAS,FA,,,,,,,,,,,,,,,,,0.0
Duron Lowe DB,Duron Lowe,DB,,Bye,FA,,,,,,,,,,,,,,,,,0.0
Darrell Luter Jr. DB - SF PUP,Darrell Luter Jr.,DB,SF,@LA,FA,,,,,,,,,,,,,,,,,0.0
Dylan Mabin DB,Dylan Mabin,DB,,Bye,FA,,,,,,,,,,,,,,,,,0.0
Greg Mabin DB,Greg Mabin,DB,,Bye,FA,,,,,,,,,,,,,,,,,0.0
Jartavius Martin DB - WAS,Jartavius Martin,DB,WAS,@DEN,FA,,,,,,,,,,,,,,,,,0.0
Christian Matthew DB - ARI,Christian Matthew,DB,ARI,NYG,FA,,,,,,,,,,,,,,,,,0.0
Arthur Maulet DB - BAL,Arthur Maulet,DB,BAL,@CIN,FA,,,,,,,,,,,,,,,,,0.0
Jared Mayden DB,Jared Mayden,DB,,Bye,FA,,,,,,,,,,,,,,,,,0.0
Bobby McCain DB - NYG,Bobby McCain,DB,NYG,@ARI,FA,,,,,,,,,,,,,,,,,0.0
Mac McCain III DB Q,Mac McCain III DB,Q,,Bye,FA,,,,,,,,,,,,,,,,,0.0
Nick McCloud DB - NYG,Nick McCloud,DB,NYG,@ARI,FA,,,,,,,,,,,,,,,,,0.0
Verone McKinley III DB - MIA,Verone McKinley III,DB,MIA,@NE,FA,,,,,,,,,,,,,,,,,0.0
Kyler McMichael DB - ARI IR,Kyler McMichael,DB,ARI,NYG,FA,,,,,,,,,,,,,,,,,0.0
Ja'Quan McMillian DB - DEN,Ja'Quan McMillian,DB,DEN,WAS,FA,,,,,,,,,,,,,,,,,0.0
Zech McPhearson DB - PHI IR,Zech McPhearson,DB,PHI,MIN,FA,,,,,,,,,,,,,,,,,0.0
Ifeatu Melifonwu DB - DET,Ifeatu Melifonwu,DB,DET,SEA,W (Oct 4),,,,,,,,,,,,,,,,,0.0
Herb Miller DB,Herb Miller,DB,,Bye,FA,,,,,,,,,,,,,,,,,0.0
Smoke Monday DB,Smoke Monday,DB,,Bye,FA,,,,,,,,,,,,,,,,,0.0
Tarvarius Moore DB Q,Tarvarius Moore DB,Q,,Bye,FA,,,,,,,,,,,,,,,,,0.0
Jimmy Moreland DB Q,Jimmy Moreland DB,Q,,Bye,FA,,,,,,,,,,,,,,,,,0.0
Emmanuel Moseley DB - DET IA,Emmanuel Moseley,DB,DET,SEA,W (Oct 4),,,,,,,,,,,,,,,,,0.0
Quandre Mosely DB,Quandre Mosely,DB,,Bye,FA,,,,,,,,,,,,,,,,,0.0
Riley Moss DB - DEN,Riley Moss,DB,DEN,WAS,FA,,,,,,,,,,,,,,,,,0.0
Israel Mukuamu DB - DAL,Israel Mukuamu,DB,DAL,NYJ,FA,,,,,,,,,,,,,,,,,0.0
Trayvon Mullen DB - BAL NFI-R,Trayvon Mullen,DB,BAL,@CIN,FA,,,,,,,,,,,,,,,,,0.0
Siran Neal DB - BUF View News,Siran Neal,DB,BUF,LV,FA,,,,,,,,,,,,,,,,,0.0
Nik Needham DB - MIA PUP,Nik Needham,DB,MIA,@NE,FA,,,,,,,,,,,,,,,,,0.0
Scott Nelson DB,Scott Nelson,DB,,Bye,FA,,,,,,,,,,,,,,,,,0.0
Tre Norwood DB - SF,Tre Norwood,DB,SF,@LA,FA,,,,,,,,,,,,,,,,,0.0
Michael Ojemudia DB - LA,Michael Ojemudia,DB,LA,SF,FA,,,,,,,,,,,,,,,,,0.0
Jeff Okudah DB - ATL,Jeff Okudah,DB,ATL,GB,FA,,,,,,,,,,,,,,,,,0.0
Amani Oruwariye DB - NYG Q,Amani Oruwariye,DB,NYG,@ARI,FA,,,,,,,,,,,,,,,,,0.0
Ayo Oyelola DB - JAX,Ayo Oyelola,DB,JAX,KC,FA,,,,,,,,,,,,,,,,,0.0
AJ Parker DB,AJ Parker,DB,,Bye,FA,,,,,,,,,,,,,,,,,0.0
Will Parks DB,Will Parks,DB,,Bye,FA,,,,,,,,,,,,,,,,,0.0
Jamal Peters DB,Jamal Peters,DB,,Bye,FA,,,,,,,,,,,,,,,,,0.0
Darius Phillips DB - DET,Darius Phillips,DB,DET,SEA,W (Oct 4),,,,,,,,,,,,,,,,,0.0
James Pierre DB - PIT,James Pierre,DB,PIT,CLE,FA,,,,,,,,,,,,,,,,,0.0
Jalen Pitre DB - HOU,Jalen Pitre,DB,HOU,IND,FA,,,,,,,,,,,,,,,,,0.0
Isaiah Pola-Mao DB - LV,Isaiah,Pola,Mao,@BUF,FA,,,,,,,,,,,,,,,,,0.0
Bobby Price DB - ARI,Bobby Price,DB,ARI,NYG,FA,,,,,,,,,,,,,,,,,0.0
Troy Pride DB - LV,Troy Pride,DB,LV,@BUF,FA,,,,,,,,,,,,,,,,,0.0
Jalen Ramsey DB - MIA IR,Jalen Ramsey,DB,MIA,@NE,FA,,,,,,,,,,,,,,,,,0.0
Rodney Randle DB,Rodney Randle,DB,,Bye,FA,,,,,,,,,,,,,,,,,0.0
Sheldrick Redwine DB - DAL,Sheldrick Redwine,DB,DAL,NYJ,FA,,,,,,,,,,,,,,,,,0.0
John Reid DB,John Reid,DB,,Bye,FA,,,,,,,,,,,,,,,,,0.0
Amik Robertson DB - LV,Amik Robertson,DB,LV,@BUF,FA,,,,,,,,,,,,,,,,,0.0
Aaron Robinson DB - NYG PUP,Aaron Robinson,DB,NYG,@ARI,FA,,,,,,,,,,,,,,,,,0.0
Kenny Robinson DB,Kenny Robinson,DB,,Bye,FA,,,,,,,,,,,,,,,,,0.0
Robert Rochell DB - CAR,Robert Rochell,DB,CAR,NO,FA,,,,,,,,,,,,,,,,,0.0
Isaiah Rodgers DB - PHI SUS,Isaiah Rodgers,DB,PHI,MIN,FA,,,,,,,,,,,,,,,,,0.0
D'Angelo Ross DB - HOU,D'Angelo Ross,DB,HOU,IND,FA,,,,,,,,,,,,,,,,,0.0
Eric Rowe DB,Eric Rowe,DB,,Bye,FA,,,,,,,,,,,,,,,,,0.0
Darius Rush DB - KC,Darius Rush,DB,KC,@JAX,FA,,,,,,,,,,,,,,,,,0.0
Eric Scott Jr. DB - DAL,Eric Scott Jr.,DB,DAL,NYJ,FA,,,,,,,,,,,,,,,,,0.0
Josiah Scott DB - PIT O,Josiah Scott,DB,PIT,CLE,FA,,,,,,,,,,,,,,,,,0.0
Kevon Seymour DB - BAL,Kevon Seymour,DB,BAL,@CIN,FA,,,,,,,,,,,,,,,,,0.0
Kendall Sheffield DB - SF,Kendall Sheffield,DB,SF,@LA,FA,,,,,,,,,,,,,,,,,0.0
Duke Shelley DB - LA,Duke Shelley,DB,LA,SF,FA,,,,,,,,,,,,,,,,,0.0
Cam Smith DB - MIA,Cam Smith,DB,MIA,@NE,FA,,,,,,,,,,,,,,,,,0.0
Terell Smith DB - CHI,Terell Smith,DB,CHI,@TB,FA,,,,,,,,,,,,,,,,,0.0
Caden Sterns DB - DEN IR,Caden Sterns,DB,DEN,WAS,FA,,,,,,,,,,,,,,,,,0.0
Eric Stokes DB - GB PUP,Eric Stokes,DB,GB,@ATL,W (Oct 4),,,,,,,,,,,,,,,,,0.0
Tre Swilling DB,Tre Swilling,DB,,Bye,FA,,,,,,,,,,,,,,,,,0.0
Keith Taylor DB - KC,Keith Taylor,DB,KC,@JAX,FA,,,,,,,,,,,,,,,,,0.0
Marvell Tell DB Q,Marvell Tell DB,Q,,Bye,FA,,,,,,,,,,,,,,,,,0.0
A.J. Thomas DB - CHI,A.J. Thomas,DB,CHI,@TB,FA,,,,,,,,,,,,,,,,,0.0
Josh Thomas DB,Josh Thomas,DB,,Bye,FA,,,,,,,,,,,,,,,,,0.0
Kiondre Thomas DB - GB,Kiondre Thomas,DB,GB,@ATL,W (Oct 4),,,,,,,,,,,,,,,,,0.0
Stantley Thomas-Oliver DB Q,Stantley,Thomas,Oliver,Bye,FA,,,,,,,,,,,,,,,,,0.0
Deionte Thompson DB,Deionte Thompson,DB,,Bye,FA,,,,,,,,,,,,,,,,,0.0
Josh Thompson DB Q,Josh Thompson DB,Q,,Bye,FA,,,,,,,,,,,,,,,,,0.0
Trenton Thompson DB - PIT,Trenton Thompson,DB,PIT,CLE,FA,,,,,,,,,,,,,,,,,0.0
Kevin Toliver DB,Kevin Toliver,DB,,Bye,FA,,,,,,,,,,,,,,,,,0.0
Cory Trice Jr. DB - PIT IR,Cory Trice Jr.,DB,PIT,CLE,FA,,,,,,,,,,,,,,,,,0.0
DJ Turner II DB - CIN Q,DJ Turner II,DB,CIN,BAL,FA,,,,,,,,,,,,,,,,,0.0
Nolan Turner DB,Nolan Turner,DB,,Bye,FA,,,,,,,,,,,,,,,,,0.0
Kindle Vildor DB - TEN,Kindle Vildor,DB,TEN,LAC,FA,,,,,,,,,,,,,,,,,0.0
Jay Ward DB - MIN,Jay Ward,DB,MIN,@PHI,FA,,,,,,,,,,,,,,,,,0.0
Jimmie Ward DB - HOU,Jimmie Ward,DB,HOU,IND,FA,,,,,,,,,,,,,,,,,0.0
Sterling Weatherford DB Q,Sterling Weatherford DB,Q,,Bye,FA,,,,,,,,,,,,,,,,,0.0
Mark Webb DB,Mark Webb,DB,,Bye,FA,,,,,,,,,,,,,,,,,0.0
Sam Webb DB - CAR,Sam Webb,DB,CAR,NO,FA,,,,,,,,,,,,,,,,,0.0
Javin White DB Q,Javin White DB,Q,,Bye,FA,,,,,,,,,,,,,,,,,0.0
Jace Whittaker DB,Jace Whittaker,DB,,Bye,FA,,,,,,,,,,,,,,,,,0.0
James Wiggins DB,James Wiggins,DB,,Bye,FA,,,,,,,,,,,,,,,,,0.0
Damarion Williams DB - BAL IR,Damarion Williams,DB,BAL,@CIN,FA,,,,,,,,,,,,,,,,,0.0
Garrett Williams DB - ARI NFI-A,Garrett Williams,DB,ARI,NYG,FA,,,,,,,,,,,,,,,,,0.0
Greedy Williams DB,Greedy Williams,DB,,Bye,FA,,,,,,,,,,,,,,,,,0.0
Jarren Williams DB Q,Jarren Williams DB,Q,,Bye,FA,,,,,,,,,,,,,,,,,0.0
Joejuan Williams DB - CHI,Joejuan Williams,DB,CHI,@TB,FA,,,,,,,,,,,,,,,,,0.0
K'Waun Williams DB - DEN IR,K'Waun Williams,DB,DEN,WAS,FA,,,,,,,,,,,,,,,,,0.0
Marcus Williams DB - BAL Q View News,Marcus Williams,DB,BAL,@CIN,FA,,,,,,,,,,,,,,,,,0.0
Rodarius Williams DB,Rodarius Williams,DB,,Bye,FA,,,,,,,,,,,,,,,,,0.0
Brandon Wilson DB,Brandon Wilson,DB,,Bye,FA,,,,,,,,,,,,,,,,,0.0
Donovan Wilson DB - DAL,Donovan Wilson,DB,DAL,NYJ,FA,,,,,,,,,,,,,,,,,0.0
Samuel Womack DB - SF IR,Samuel Womack,DB,SF,@LA,FA,,,,,,,,,,,,,,,,,0.0
Jaiden Woodbey DB,Jaiden Woodbey,DB,,Bye,FA,,,,,,,,,,,,,,,,,0.0
JT Woods DB - LAC O View News,JT Woods,DB,LAC,@TEN,FA,,,,,,,,,,,,,,,,,0.0
Daryl Worley DB - BAL,Daryl Worley,DB,BAL,@CIN,FA,,,,,,,,,,,,,,,,,0.0
Nahshon Wright DB - DAL IR,Nahshon Wright,DB,DAL,NYJ,FA,,,,,,,,,,,,,,,,,0.0
Isaac Yiadom DB - NO,Isaac Yiadom,DB,NO,@CAR,FA,,,,,,,,,,,,,,,,,0.0
