Player,Name,Position,Team,Opp,Manager,Tackles_Tot,Tackles_Ast,Tackles_Sck,Tackles_TFL,Turnover_Int,Turnover_Frc Fum,Turnover_Fum Rec,Score_Int TD,Score_FumTD,Score_Blk TD,Score_Saf,Score_Def 2pt Ret,Other_Blk,Other_PDef,Other_QB Hit,Return_Int Yds,Fantasy_Points
Darius Slay DB - PHI,Darius Slay,DB,PHI,@NE,GLADIATORS of NORSCHT,1.0,2.0,,,1.0,,,1.0,,,,,,3.0,,70.0,38.0
Nate Hobbs DB - LV Q View News,Nate Hobbs,DB,LV,@DEN,Boppard Raiders,8.0,4.0,,2.0,,,,,,,,,,,1.0,,26.0
Jevon Holland DB - MIA,Jevon Holland,DB,MIA,@LAC,GLADIATORS of NORSCHT,10.0,4.0,,1.0,,,,,,,,,,,,,24.0
Jordan Whitehead DB - NYJ,Jordan Whitehead,DB,NYJ,BUF,St Quintin Heidschnucken,1.0,1.0,,,3.0,,,,,,,,,3.0,,,23.5
Antoine Winfield Jr. DB - TB,Antoine Winfield Jr.,DB,TB,@MIN,Koblenz 87ers,4.0,4.0,1.0,,,1.0,1.0,,,,,,,1.0,2.0,,23.0
Brian Branch DB - DET Q View News,Brian Branch,DB,DET,@KC,FlyRamsFly,2.0,1.0,,,1.0,,,1.0,,,,,,1.0,,50.0,22.5
Reed Blankenship DB - PHI,Reed Blankenship,DB,PHI,@NE,Alta Villa Cardinals,8.0,4.0,,,,,,,,,,,,2.0,,,22.0
DaRon Bland DB - DAL,DaRon Bland,DB,DAL,@NYG,FA,3.0,,,1.0,1.0,,,1.0,,,,,,1.0,1.0,22.0,21.4
DeShon Elliott DB - MIA Q View News,DeShon Elliott,DB,MIA,@LAC,Wbn Beasts,8.0,5.0,,,,,,,,,,,,,,,20.5
D.J. Reed DB - NYJ,D.J. Reed,DB,NYJ,BUF,FA,10.0,1.0,,,,,,,,,,,,,,,20.5
Alohi Gilman DB - LAC Q View News,Alohi Gilman,DB,LAC,MIA,Washington Fantasy Team,9.0,2.0,,,,,,,,,,,,,,,20.0
Stephon Gilmore DB - DAL,Stephon Gilmore,DB,DAL,@NYG,FA,4.0,,,,1.0,,,,,,,,,3.0,,,20.0
Brandon Stephens DB - BAL,Brandon Stephens,DB,BAL,HOU,FA,8.0,4.0,,,,,,,,,,,,,,,20.0
Jessie Bates DB - ATL,Jessie Bates,DB,ATL,CAR,Alta Villa Cardinals,5.0,5.0,,,2.0,1.0,,,,,,,,2.0,,3.0,19.1
Amani Hooker DB - TEN,Amani Hooker,DB,TEN,@NO,Slay,3.0,2.0,,1.0,1.0,1.0,1.0,,,,,,,2.0,,10.0,19.0
Marshon Lattimore DB - NO,Marshon Lattimore,DB,NO,TEN,FlyRamsFly,2.0,,,,1.0,,,,,,,,,4.0,,,19.0
J.C. Jackson DB - LAC View News,J.C. Jackson,DB,LAC,MIA,FA,,,,,1.0,,,,,,,,,3.0,,9.0,17.8
Daxton Hill DB - CIN,Daxton Hill,DB,CIN,@CLE,Magic Eulers,5.0,1.0,,2.0,1.0,,,,,,,,,1.0,,20.0,17.5
Kader Kohou DB - MIA,Kader Kohou,DB,MIA,@LAC,FA,6.0,3.0,1.0,1.0,,,,,,,,,,,1.0,,17.5
Christian Gonzalez DB - NE,Christian Gonzalez,DB,NE,PHI,Bad Wildcats Hunschat,5.0,2.0,1.0,1.0,,,,,,,,,,1.0,1.0,,17.0
Talanoa Hufanga DB - SF,Talanoa Hufanga,DB,SF,@PIT,St Quintin Heidschnucken,5.0,,,1.0,1.0,,,,,,,,,1.0,,28.0,16.6
Ar'Darius Washington DB - BAL IR,Ar'Darius Washington,DB,BAL,HOU,FA,3.0,3.0,1.0,1.0,,,,,,,,,,1.0,1.0,,15.5
Pat Surtain II DB - DEN,Pat Surtain II,DB,DEN,LV,FA,2.0,,,,,,,,,,,,,3.0,,,15.0
Tyson Campbell DB - JAX,Tyson Campbell,DB,JAX,@IND,Slay,6.0,,,,1.0,1.0,,,,,,,,1.0,,,13.0
Grant Delpit DB - CLE,Grant Delpit,DB,CLE,CIN,Wbn Beasts,7.0,1.0,,1.0,,,,,,,,,,1.0,1.0,,12.5
Markquese Bell DB - DAL,Markquese Bell,DB,DAL,@NYG,FA,6.0,2.0,,1.0,,1.0,,,,,,,,,,,12.0
Tavierre Thomas DB - HOU O View News,Tavierre Thomas,DB,HOU,@BAL,FA,6.0,2.0,,1.0,,1.0,,,,,,,,,,,12.0
Andre Cisco DB - JAX,Andre Cisco,DB,JAX,@IND,FA,7.0,3.0,,,,1.0,,,,,,,,,,,11.5
Kamren Curl DB - WAS,Kamren Curl,DB,WAS,ARI,Koblenz 87ers,6.0,4.0,,1.0,,,,,,,,,,1.0,,,11.0
Rasul Douglas DB - GB,Rasul Douglas,DB,GB,@CHI,dirty birds,6.0,2.0,,,,,1.0,,,,,,,1.0,,,11.0
Tony Brown DB - IND,Tony Brown,DB,IND,JAX,FA,,,,,1.0,,,,,,,,,1.0,,34.0,10.8
Marcus Maye DB - NO SUS,Marcus Maye,DB,NO,TEN,Koblenz 87ers,5.0,1.0,,,1.0,,,,,,,,,1.0,,5.0,10.5
Coby Bryant DB - SEA Q,Coby Bryant,DB,SEA,LA,FA,7.0,2.0,,,,,,,,,,,,,1.0,,10.0
Derwin James DB - LAC D View News,Derwin James,DB,LAC,MIA,St Quintin Heidschnucken,6.0,,,1.0,,,,,,,,,,2.0,,,10.0
Trent McDuffie DB - KC,Trent McDuffie,DB,KC,DET,FA,6.0,2.0,,,,1.0,,,,,,,,,,,10.0
Deommodore Lenoir DB - SF,Deommodore Lenoir,DB,SF,@PIT,Bad Wildcats Hunschat,8.0,2.0,,,,,,,,,,,,,,,9.0
Julian Love DB - SEA Q,Julian Love,DB,SEA,LA,Wbn Beasts,7.0,2.0,,,,,,,,,,,,1.0,,,9.0
Avonte Maddox DB - PHI IR,Avonte Maddox,DB,PHI,@NE,FA,4.0,2.0,,1.0,,,,,,,,,,2.0,,,9.0
Darnell Savage DB - GB,Darnell Savage,DB,GB,@CHI,W (Oct 4),5.0,4.0,,1.0,,,,,,,,,,,,,9.0
Justin Bethel DB - MIA,Justin Bethel,DB,MIA,@LAC,FA,3.0,1.0,0.5,,,,,,,,,,,,1.0,,8.5
Bryan Cook DB - KC,Bryan Cook,DB,KC,DET,FA,4.0,3.0,,,,,1.0,,,,,,,,,,8.5
Jabrill Peppers DB - NE,Jabrill Peppers,DB,NE,PHI,FA,3.0,3.0,,,,1.0,,,,,,,,1.0,,,8.5
L'Jarius Sneed DB - KC,L'Jarius Sneed,DB,KC,DET,FlyRamsFly,3.0,3.0,,1.0,,,,,,,,,,,1.0,,8.5
Charvarius Ward DB - SF,Charvarius Ward,DB,SF,@PIT,Boppard Raiders,2.0,1.0,,,1.0,,,,,,,,,1.0,,9.0,8.3
Elijah Molden DB - TEN O View News,Elijah Molden,DB,TEN,@NO,FA,6.0,2.0,,,,,,,,,,,,1.0,,,8.0
Sean Murphy-Bunting DB - TEN,Sean,Murphy,Bunting,@NO,GLADIATORS of NORSCHT,4.0,2.0,,,,1.0,,,,,,,,,,,8.0
Camryn Bynum DB - MIN,Camryn Bynum,DB,MIN,TB,Washington Fantasy Team,5.0,5.0,,,,,,,,,,,,,,,7.5
Michael Davis DB - LAC,Michael Davis,DB,LAC,MIA,FA,5.0,1.0,,,,,,,,,,,,2.0,,,7.5
Nick Scott DB - CIN,Nick Scott,DB,CIN,@CLE,FA,4.0,7.0,,,,,,,,,,,,,,,7.5
Tyrique Stevenson DB - CHI,Tyrique Stevenson,DB,CHI,GB,FA,5.0,1.0,,1.0,,,,,,,,,,,,,7.5
C.J. Gardner-Johnson DB - DET,C.J.,Gardner,Johnson,@KC,W (Oct 4),5.0,,,,,,,,,,,,,2.0,,,7.0
Rayshawn Jenkins DB - JAX,Rayshawn Jenkins,DB,JAX,@IND,Slay,5.0,,,1.0,,,,,,,,,,,,,7.0
Josh Metellus DB - MIN View News,Josh Metellus,DB,MIN,TB,FA,6.0,,,,,,,,,,,,,1.0,,,7.0
Justin Reid DB - KC,Justin Reid,DB,KC,DET,FA,4.0,2.0,,,,,,,,,,,,2.0,,,7.0
K'Von Wallace DB - ARI,K'Von Wallace,DB,ARI,@WAS,Alta Villa Cardinals,3.0,4.0,,,,,,,,,,,,2.0,,,7.0
Kevin Byard DB - TEN,Kevin Byard,DB,TEN,@NO,FlyRamsFly,5.0,3.0,,,,,,,,,,,,,,,6.5
Xavien Howard DB - MIA,Xavien Howard,DB,MIA,@LAC,FA,5.0,1.0,,,,,,,,,,,,1.0,,,6.5
M.J. Stewart DB - HOU,M.J. Stewart,DB,HOU,@BAL,FA,2.0,3.0,,,,,1.0,,,,,,,,,,6.5
Marco Wilson DB - ARI,Marco Wilson,DB,ARI,@WAS,FA,5.0,1.0,,,,,,,,,,,,1.0,,,6.5
Paulson Adebo DB - NO O View News,Paulson Adebo,DB,NO,TEN,FA,2.0,,,,1.0,,,,,,,,,1.0,,,6.0
Chidobe Awuzie DB - CIN,Chidobe Awuzie,DB,CIN,@CLE,FA,3.0,,,,,,1.0,,,,,,,,,,6.0
Jaquan Brisker DB - CHI,Jaquan Brisker,DB,CHI,GB,Magic Eulers,3.0,4.0,,,,,,,,,,,,1.0,,,6.0
Carlton Davis DB - TB Q View News,Carlton Davis,DB,TB,@MIN,FA,4.0,2.0,,,,,,,,,,,,1.0,,,6.0
Akayleb Evans DB - MIN,Akayleb Evans,DB,MIN,TB,FA,4.0,,,,,,,,,,,,,2.0,,,6.0
Emmanuel Forbes DB - WAS,Emmanuel Forbes,DB,WAS,ARI,FA,3.0,,,1.0,,,,,,,,,,1.0,,,6.0
Richie Grant DB - ATL,Richie Grant,DB,ATL,CAR,dirty birds,3.0,4.0,,,,,,,,,,,,1.0,,,6.0
Tre Hawkins III DB - NYG,Tre Hawkins III,DB,NYG,DAL,FA,5.0,2.0,,,,,,,,,,,,,,,6.0
Noah Igbinoghene DB - DAL,Noah Igbinoghene,DB,DAL,@NYG,FA,,,,,,,,,,1.0,,,,,,,6.0
Tre Brown DB - SEA Q,Tre Brown,DB,SEA,LA,FA,5.0,1.0,,,,,,,,,,,,,,,5.5
Marcus Epps DB - LV,Marcus Epps,DB,LV,@DEN,Bad Wildcats Hunschat,2.0,3.0,,1.0,,,,,,,,,,,,,5.5
Justin Evans DB - PHI Q View News,Justin Evans,DB,PHI,@NE,FA,4.0,3.0,,,,,,,,,,,,,,,5.5
Jordan Fuller DB - LA,Jordan Fuller,DB,LA,@SEA,Washington Fantasy Team,3.0,5.0,,,,,,,,,,,,,,,5.5
Tre'von Moehrig DB - LV,Tre'von Moehrig,DB,LV,@DEN,FA,5.0,1.0,,,,,,,,,,,,,,,5.5
Ryan Neal DB - TB,Ryan Neal,DB,TB,@MIN,Magic Eulers,5.0,1.0,,,,,,,,,,,,,,,5.5
Steven Nelson DB - HOU,Steven Nelson,DB,HOU,@BAL,FA,1.0,1.0,,,1.0,,,,,,,,,1.0,,,5.5
A.J. Terrell DB - ATL,A.J. Terrell,DB,ATL,CAR,FA,3.0,1.0,,1.0,,,,,,,,,,,,,5.5
Ambry Thomas DB - SF View News,Ambry Thomas,DB,SF,@PIT,FA,4.0,1.0,,,,,,,,,,,,1.0,,,5.5
Dee Alford DB - ATL,Dee Alford,DB,ATL,CAR,Wbn Beasts,4.0,2.0,,,,,,,,,,,,,,,5.0
Christian Benford DB - BUF,Christian Benford,DB,BUF,@NYJ,FA,4.0,,,,,,,,,,,,,1.0,,,5.0
Jeremy Chinn DB - CAR,Jeremy Chinn,DB,CAR,@ATL,FA,3.0,4.0,,,,,,,,,,,,,,,5.0
Eddie Jackson DB - CHI O View News,Eddie Jackson,DB,CHI,GB,Bad Wildcats Hunschat,2.0,2.0,,,,,,,,,,,,2.0,,,5.0
Jerry Jacobs DB - DET View News,Jerry Jacobs,DB,DET,@KC,W (Oct 4),5.0,,,,,,,,,,,,,,,,5.0
Josh Jobe DB - PHI,Josh Jobe,DB,PHI,@NE,FA,1.0,,,,,1.0,,,,,,,,1.0,,,5.0
Damarri Mathis DB - DEN,Damarri Mathis,DB,DEN,LV,FA,5.0,,,,,,,,,,,,,,,,5.0
Dallis Flowers DB - IND,Dallis Flowers,DB,IND,JAX,FA,3.0,2.0,,,,,,,,,,,,,,,4.95
Tony Adams DB - NYJ O View News,Tony Adams,DB,NYJ,BUF,FA,4.0,1.0,,,,,,,,,,,,,,,4.5
James Bradberry DB - PHI,James Bradberry,DB,PHI,@NE,FA,2.0,3.0,,,,,,,,,,,,1.0,,,4.5
Kendall Fuller DB - WAS,Kendall Fuller,DB,WAS,ARI,FA,3.0,3.0,,,,,,,,,,,,,,,4.5
Micah Hyde DB - BUF,Micah Hyde,DB,BUF,@NYJ,FA,4.0,1.0,,,,,,,,,,,,,,,4.5
Jayron Kearse DB - DAL,Jayron Kearse,DB,DAL,@NYG,Koblenz 87ers,2.0,5.0,,,,,,,,,,,,,,,4.5
Xavier McKinney DB - NYG,Xavier McKinney,DB,NYG,DAL,FA,1.0,3.0,,,,,,,,,,,,2.0,,,4.5
Juanyeh Thomas DB - DAL,Juanyeh Thomas,DB,DAL,@NYG,FA,1.0,1.0,,,,,,,,,,,1.0,1.0,,,4.5
Denzel Ward DB - CLE,Denzel Ward,DB,CLE,CIN,Bad Wildcats Hunschat,3.0,1.0,,,,,,,,,,,,1.0,,,4.5
Tre'Davious White DB - BUF,Tre'Davious White,DB,BUF,@NYJ,FA,2.0,1.0,,1.0,,,,,,,,,,,,,4.5
Marcus Williams DB - BAL Q View News,Marcus Williams,DB,BAL,HOU,FA,3.0,1.0,,,,,,,,,,,,1.0,,,4.5
Jaire Alexander DB - GB IA,Jaire Alexander,DB,GB,@CHI,GLADIATORS of NORSCHT,3.0,,,,,,,,,,,,,1.0,,,4.0
Budda Baker DB - ARI IR,Budda Baker,DB,ARI,@WAS,FA,3.0,2.0,,,,,,,,,,,,,,,4.0
Julian Blackmon DB - IND,Julian Blackmon,DB,IND,JAX,FA,3.0,2.0,,,,,,,,,,,,,,,4.0
Michael Carter II DB - NYJ,Michael Carter II,DB,NYJ,BUF,FA,3.0,2.0,,,,,,,,,,,,,,,4.0
Jamel Dean DB - TB O View News,Jamel Dean,DB,TB,@MIN,FA,3.0,2.0,,,,,,,,,,,,,,,4.0
Derion Kendrick DB - LA,Derion Kendrick,DB,LA,@SEA,FA,3.0,,,,,,,,,,,,,1.0,,,4.0
Tyrann Mathieu DB - NO,Tyrann Mathieu,DB,NO,TEN,FA,3.0,2.0,,,,,,,,,,,,,,,4.0
Greg Newsome II DB - CLE,Greg Newsome II,DB,CLE,CIN,FA,1.0,4.0,,,,,,,,,,,,1.0,,,4.0
Jason Pinnock DB - NYG,Jason Pinnock,DB,NYG,DAL,Alta Villa Cardinals,3.0,2.0,,,,,,,,,,,,,,,4.0
Jalen Pitre DB - HOU,Jalen Pitre,DB,HOU,@BAL,FA,2.0,,,,,,,,,,,,,,1.0,,4.0
Taylor Rapp DB - BUF View News,Taylor Rapp,DB,BUF,@NYJ,FA,3.0,2.0,,,,,,,,,,,,,,,4.0
Alontae Taylor DB - NO,Alontae Taylor,DB,NO,TEN,FA,2.0,2.0,,,,,,,,,,,,1.0,,,4.0
Jalen Thompson DB - ARI,Jalen Thompson,DB,ARI,@WAS,dirty birds,3.0,2.0,,,,,,,,,,,,,,,4.0
JT Woods DB - LAC O View News,JT Woods,DB,LAC,MIA,FA,4.0,,,,,,,,,,,,,,,,4.0
Darrell Baker Jr. DB - IND,Darrell Baker Jr.,DB,IND,JAX,FA,3.0,1.0,,,,,,,,,,,,,,,3.5
Kyle Dugger DB - NE,Kyle Dugger,DB,NE,PHI,Magic Eulers,2.0,3.0,,,,,,,,,,,,,,,3.5
Minkah Fitzpatrick DB - PIT,Minkah Fitzpatrick,DB,PIT,SF,Washington Fantasy Team,3.0,1.0,,,,,,,,,,,,,,,3.5
Darrick Forrest DB - WAS,Darrick Forrest,DB,WAS,ARI,Boppard Raiders,2.0,3.0,,,,,,,,,,,,,,,3.5
Tre Herndon DB - JAX,Tre Herndon,DB,JAX,@IND,FA,,1.0,,,,,,,,,,,,1.0,1.0,,3.5
Adoree' Jackson DB - NYG,Adoree' Jackson,DB,NYG,DAL,FA,3.0,1.0,,,,,,,,,,,,,,,3.5
Kerby Joseph DB - DET IA,Kerby Joseph,DB,DET,@KC,Boppard Raiders,3.0,1.0,,,,,,,,,,,,,,,3.5
Damontae Kazee DB - PIT,Damontae Kazee,DB,PIT,SF,FA,3.0,1.0,,,,,,,,,,,,,,,3.5
Byron Murphy DB - MIN View News,Byron Murphy,DB,MIN,TB,FA,2.0,3.0,,,,,,,,,,,,,,,3.5
Eric Murray DB - HOU,Eric Murray,DB,HOU,@BAL,FA,3.0,1.0,,,,,,,,,,,,,,,3.5
Keanu Neal DB - PIT,Keanu Neal,DB,PIT,SF,FA,2.0,3.0,,,,,,,,,,,,,,,3.5
Isaiah Oliver DB - SF,Isaiah Oliver,DB,SF,@PIT,FA,2.0,3.0,,,,,,,,,,,,,,,3.5
Adrian Phillips DB - NE,Adrian Phillips,DB,NE,PHI,FA,3.0,1.0,,,,,,,,,,,,,,,3.5
Justin Simmons DB - DEN Q View News,Justin Simmons,DB,DEN,LV,Washington Fantasy Team,3.0,1.0,,,,,,,,,,,,,,,3.5
Harrison Smith DB - MIN,Harrison Smith,DB,MIN,TB,Alta Villa Cardinals,3.0,1.0,,,,,,,,,,,,,,,3.5
Benjamin St-Juste DB - WAS,Benjamin,St,Juste,ARI,FA,3.0,1.0,,,,,,,,,,,,,,,3.5
Percy Butler DB - WAS Q,Percy Butler,DB,WAS,ARI,FA,1.0,2.0,,,,,,,,,,,,1.0,,,3.0
Kei'Trel Clark DB - ARI,Kei'Trel Clark,DB,ARI,@WAS,FA,3.0,,,,,,,,,,,,,,,,3.0
Cobie Durant DB - LA,Cobie Durant,DB,LA,@SEA,FA,1.0,,,,,,,,,,,,,,1.0,,3.0
C.J. Henderson DB - CAR,C.J. Henderson,DB,CAR,@ATL,FA,3.0,,,,,,,,,,,,,,,,3.0
Kenny Moore II DB - IND,Kenny Moore II,DB,IND,JAX,FA,3.0,,,,,,,,,,,,,,,,3.0
Israel Mukuamu DB - DAL,Israel Mukuamu,DB,DAL,@NYG,FA,,,,,,,1.0,,,,,,,,,,3.0
Jonathan Owens DB - GB,Jonathan Owens,DB,GB,@CHI,W (Oct 4),3.0,,,,,,,,,,,,,,,,3.0
Marcus Peters DB - LV,Marcus Peters,DB,LV,@DEN,FA,3.0,,,,,,,,,,,,,,,,3.0
Patrick Peterson DB - PIT,Patrick Peterson,DB,PIT,SF,FA,,2.0,,,,,,,,,,,,2.0,,,3.0
Derek Stingley Jr. DB - HOU IR,Derek Stingley Jr.,DB,HOU,@BAL,FA,3.0,,,,,,,,,,,,,,,,3.0
Rodney Thomas DB - IND,Rodney Thomas,DB,IND,JAX,FA,3.0,,,,,,,,,,,,,,,,3.0
Deonte Banks DB - NYG,Deonte Banks,DB,NYG,DAL,FA,,1.0,,,,,,,,,,,,2.0,,,2.5
Vonn Bell DB - CAR,Vonn Bell,DB,CAR,@ATL,St Quintin Heidschnucken,2.0,1.0,,,,,,,,,,,,,,,2.5
Khalil Dorsey DB - DET IR,Khalil Dorsey,DB,DET,@KC,W (Oct 4),2.0,1.0,,,,,,,,,,,,,,,2.5
Terrell Edmunds DB - PHI,Terrell Edmunds,DB,PHI,@NE,FA,2.0,1.0,,,,,,,,,,,,,,,2.5
Rudy Ford DB - GB,Rudy Ford,DB,GB,@CHI,W (Oct 4),1.0,3.0,,,,,,,,,,,,,,,2.5
Sauce Gardner DB - NYJ,Sauce Gardner,DB,NYJ,BUF,GLADIATORS of NORSCHT,2.0,1.0,,,,,,,,,,,,,,,2.5
Kyle Hamilton DB - BAL Q View News,Kyle Hamilton,DB,BAL,HOU,Koblenz 87ers,2.0,1.0,,,,,,,,,,,,,,,2.5
Mike Hilton DB - CIN,Mike Hilton,DB,CIN,@CLE,FA,1.0,3.0,,,,,,,,,,,,,,,2.5
Jaylon Johnson DB - CHI O View News,Jaylon Johnson,DB,CHI,GB,FA,2.0,1.0,,,,,,,,,,,,,,,2.5
Levi Wallace DB - PIT,Levi Wallace,DB,PIT,SF,FA,2.0,1.0,,,,,,,,,,,,,,,2.5
Adrian Amos DB - NYJ,Adrian Amos,DB,NYJ,BUF,FA,2.0,,,,,,,,,,,,,,,,2.0
Nick Cross DB - IND,Nick Cross,DB,IND,JAX,FA,2.0,,,,,,,,,,,,,,,,2.0
Kristian Fulton DB - TEN,Kristian Fulton,DB,TEN,@NO,FA,2.0,,,,,,,,,,,,,,,,2.0
Innis Gaines DB - GB,Innis Gaines,DB,GB,@CHI,W (Oct 4),2.0,,,,,,,,,,,,,,,,2.0
Shaquill Griffin DB - HOU,Shaquill Griffin,DB,HOU,@BAL,FA,2.0,,,,,,,,,,,,,,,,2.0
Jonathan Jones DB - NE Q View News,Jonathan Jones,DB,NE,PHI,Bad Wildcats Hunschat,1.0,,,,,,,,,,,,,1.0,,,2.0
Zyon McCollum DB - TB,Zyon McCollum,DB,TB,@MIN,FA,2.0,,,,,,,,,,,,,,,,2.0
DJ Turner II DB - CIN Q,DJ Turner II,DB,CIN,@CLE,FA,2.0,,,,,,,,,,,,,,,,2.0
Darious Williams DB - JAX,Darious Williams,DB,JAX,@IND,FA,1.0,,,,,,,,,,,,,1.0,,,2.0
Joshua Williams DB - KC,Joshua Williams,DB,KC,DET,FA,2.0,,,,,,,,,,,,,,,,2.0
Ahkello Witherspoon DB - LA,Ahkello Witherspoon,DB,LA,@SEA,FA,2.0,,,,,,,,,,,,,,,,2.0
Isaac Yiadom DB - NO,Isaac Yiadom,DB,NO,TEN,FA,1.0,,,,,,,,,,,,,1.0,,,2.0
Marcus Jones DB - NE IR,Marcus Jones,DB,NE,PHI,FA,,1.0,,,,,1.0,,,,,,,,,,1.55
Essang Bassey DB - DEN,Essang Bassey,DB,DEN,LV,FA,1.0,1.0,,,,,,,,,,,,,,,1.5
Josh Blackwell DB - CHI IR View News,Josh Blackwell,DB,CHI,GB,FA,1.0,1.0,,,,,,,,,,,,,,,1.5
Quandre Diggs DB - SEA Q,Quandre Diggs,DB,SEA,LA,Koblenz 87ers,,3.0,,,,,,,,,,,,,,,1.5
Mike Edwards DB - KC,Mike Edwards,DB,KC,DET,FA,1.0,1.0,,,,,,,,,,,,,,,1.5
Tashaun Gipson DB - SF,Tashaun Gipson,DB,SF,@PIT,FA,1.0,1.0,,,,,,,,,,,,,,,1.5
Miles Killebrew DB - PIT,Miles Killebrew,DB,PIT,SF,FA,1.0,1.0,,,,,,,,,,,,,,,1.5
Asante Samuel Jr. DB - LAC,Asante Samuel Jr.,DB,LAC,MIA,FA,1.0,1.0,,,,,,,,,,,,,,,1.5
Geno Stone DB - BAL,Geno Stone,DB,BAL,HOU,FA,1.0,1.0,,,,,,,,,,,,,,,1.5
Xavier Woods DB - CAR O,Xavier Woods,DB,CAR,@ATL,FA,1.0,1.0,,,,,,,,,,,,,,,1.5
Tariq Woolen DB - SEA,Tariq Woolen,DB,SEA,LA,Slay,1.0,1.0,,,,,,,,,,,,,,,1.5
Russ Yeast DB - LA,Russ Yeast,DB,LA,@SEA,FA,1.0,1.0,,,,,,,,,,,,,,,1.5
Ugo Amadi DB - NO,Ugo Amadi,DB,NO,TEN,FA,,,,,,,,,,,,,,1.0,,,1.0
Sydney Brown DB - PHI O View News,Sydney Brown,DB,PHI,@NE,FA,1.0,,,,,,,,,,,,,,,,1.0
Martin Emerson DB - CLE,Martin Emerson,DB,CLE,CIN,FA,1.0,,,,,,,,,,,,,,,,1.0
Mike Ford DB - CLE,Mike Ford,DB,CLE,CIN,FA,1.0,,,,,,,,,,,,,,,,1.0
Sam Franklin Jr. DB - CAR,Sam Franklin Jr.,DB,CAR,@ATL,FA,1.0,,,,,,,,,,,,,,,,1.0
Dane Jackson DB - BUF,Dane Jackson,DB,BUF,@NYJ,FA,1.0,,,,,,,,,,,,,,,,1.0
Donte Jackson DB - CAR,Donte Jackson,DB,CAR,@ATL,FA,1.0,,,,,,,,,,,,,,,,1.0
Lonnie Johnson DB - NO,Lonnie Johnson,DB,NO,TEN,FA,1.0,,,,,,,,,,,,,,,,1.0
Quentin Lake DB - LA,Quentin Lake,DB,LA,@SEA,FA,1.0,,,,,,,,,,,,,,,,1.0
Dallin Leavitt DB - GB,Dallin Leavitt,DB,GB,@CHI,W (Oct 4),1.0,,,,,,,,,,,,,,,,1.0
Christian Matthew DB - ARI,Christian Matthew,DB,ARI,@WAS,FA,1.0,,,,,,,,,,,,,,,,1.0
Nick McCloud DB - NYG,Nick McCloud,DB,NYG,DAL,FA,1.0,,,,,,,,,,,,,,,,1.0
Jalen Mills DB - NE,Jalen Mills,DB,NE,PHI,FA,1.0,,,,,,,,,,,,,,,,1.0
Siran Neal DB - BUF View News,Siran Neal,DB,BUF,@NYJ,FA,1.0,,,,,,,,,,,,,,,,1.0
Joey Porter Jr. DB - PIT,Joey Porter Jr.,DB,PIT,SF,FA,1.0,,,,,,,,,,,,,,,,1.0
Kelee Ringo DB - PHI,Kelee Ringo,DB,PHI,@NE,FA,1.0,,,,,,,,,,,,,,,,1.0
Ja'Sir Taylor DB - LAC,Ja'Sir Taylor,DB,LAC,MIA,FA,,,,,,,,,,,,,,1.0,,,1.0
Daniel Thomas DB - JAX,Daniel Thomas,DB,JAX,@IND,FA,1.0,,,,,,,,,,,,,,,,1.0
Kindle Vildor DB - TEN,Kindle Vildor,DB,TEN,@NO,FA,1.0,,,,,,,,,,,,,,,,1.0
Samuel Womack DB - SF IR,Samuel Womack,DB,SF,@PIT,FA,1.0,,,,,,,,,,,,,,,,1.0
Jordan Battle DB - CIN,Jordan Battle,DB,CIN,@CLE,FA,,1.0,,,,,,,,,,,,,,,0.5
Dane Belton DB - NYG,Dane Belton,DB,NYG,DAL,FA,,1.0,,,,,,,,,,,,,,,0.5
Kris Boyd DB - ARI,Kris Boyd,DB,ARI,@WAS,FA,,1.0,,,,,,,,,,,,,,,0.5
Antonio Hamilton DB - ARI,Antonio Hamilton,DB,ARI,@WAS,FA,,1.0,,,,,,,,,,,,,,,0.5
Christian Holmes DB - WAS,Christian Holmes,DB,WAS,ARI,FA,,1.0,,,,,,,,,,,,,,,0.5
Jaycee Horn DB - CAR IR,Jaycee Horn,DB,CAR,@ATL,FA,,1.0,,,,,,,,,,,,,,,0.5
Mike Jackson DB - SEA,Mike Jackson,DB,SEA,LA,Boppard Raiders,,1.0,,,,,,,,,,,,,,,0.5
John Johnson DB - LA Q,John Johnson,DB,LA,@SEA,FA,,1.0,,,,,,,,,,,,,,,0.5
Elijah Riley DB - PIT,Elijah Riley,DB,PIT,SF,FA,,1.0,,,,,,,,,,,,,,,0.5
Brenden Schooler DB - NE,Brenden Schooler,DB,NE,PHI,FA,,1.0,,,,,,,,,,,,,,,0.5
Johnathan Abram DB - NO,Johnathan Abram,DB,NO,TEN,FA,,,,,,,,,,,,,,,,,0.0
Jamal Adams DB - SEA,Jamal Adams,DB,SEA,LA,St Quintin Heidschnucken,,,,,,,,,,,,,,,,,0.0
Tycen Anderson DB - CIN,Tycen Anderson,DB,CIN,@CLE,FA,,,,,,,,,,,,,,,,,0.0
Zayne Anderson DB - GB IA,Zayne Anderson,DB,GB,@CHI,W (Oct 4),,,,,,,,,,,,,,,,,0.0
Troy Apke DB - WAS IR,Troy Apke,DB,WAS,ARI,FA,,,,,,,,,,,,,,,,,0.0
Jalyn Armour-Davis DB - BAL,Jalyn,Armour,Davis,HOU,FA,,,,,,,,,,,,,,,,,0.0
Cornell Armstrong DB Q,Cornell Armstrong DB,Q,,Bye,FA,,,,,,,,,,,,,,,,,0.0
Grayland Arnold DB - HOU,Grayland Arnold,DB,HOU,@BAL,FA,,,,,,,,,,,,,,,,,0.0
Tre Avery DB - TEN,Tre Avery,DB,TEN,@NO,FA,,,,,,,,,,,,,,,,,0.0
Corey Ballentine DB - GB,Corey Ballentine,DB,GB,@CHI,W (Oct 4),,,,,,,,,,,,,,,,,0.0
Kalon Barnes DB,Kalon Barnes,DB,,Bye,FA,,,,,,,,,,,,,,,,,0.0
D'Anthony Bell DB - CLE,D'Anthony Bell,DB,CLE,CIN,FA,,,,,,,,,,,,,,,,,0.0
Jarrick Bernard-Converse DB - NYJ PUP,Jarrick,Bernard,Converse,BUF,FA,,,,,,,,,,,,,,,,,0.0
Henry Black DB - IND,Henry Black,DB,IND,JAX,FA,,,,,,,,,,,,,,,,,0.0
Joshuah Bledsoe DB - NE,Joshuah Bledsoe,DB,NE,PHI,FA,,,,,,,,,,,,,,,,,0.0
Joey Blount DB - ARI,Joey Blount,DB,ARI,@WAS,FA,,,,,,,,,,,,,,,,,0.0
Bubba Bolden DB,Bubba Bolden,DB,,Bye,FA,,,,,,,,,,,,,,,,,0.0
Isaiah Bolden DB - NE IR,Isaiah Bolden,DB,NE,PHI,FA,,,,,,,,,,,,,,,,,0.0
Andrew Booth DB - MIN,Andrew Booth,DB,MIN,TB,FA,,,,,,,,,,,,,,,,,0.0
Dicaprio Bootle DB - CAR,Dicaprio Bootle,DB,CAR,@ATL,FA,,,,,,,,,,,,,,,,,0.0
Breon Borders DB - NE,Breon Borders,DB,NE,PHI,FA,,,,,,,,,,,,,,,,,0.0
Christian Braswell DB - JAX,Christian Braswell,DB,JAX,@IND,FA,,,,,,,,,,,,,,,,,0.0
Brady Breeze DB,Brady Breeze,DB,,Bye,FA,,,,,,,,,,,,,,,,,0.0
Julius Brents DB - IND,Julius Brents,DB,IND,JAX,FA,,,,,,,,,,,,,,,,,0.0
Ike Brown DB,Ike Brown,DB,,Bye,FA,,,,,,,,,,,,,,,,,0.0
Montaric Brown DB - JAX,Montaric Brown,DB,JAX,@IND,FA,,,,,,,,,,,,,,,,,0.0
Terrell Burgess DB - WAS,Terrell Burgess,DB,WAS,ARI,FA,,,,,,,,,,,,,,,,,0.0
Deon Bush DB - KC,Deon Bush,DB,KC,DET,FA,,,,,,,,,,,,,,,,,0.0
Bryce Callahan DB,Bryce Callahan,DB,,Bye,FA,,,,,,,,,,,,,,,,,0.0
Elijah Campbell DB - MIA,Elijah Campbell,DB,MIA,@LAC,FA,,,,,,,,,,,,,,,,,0.0
Tevaughn Campbell DB - JAX,Tevaughn Campbell,DB,JAX,@IND,FA,,,,,,,,,,,,,,,,,0.0
Tariq Carpenter DB - PIT,Tariq Carpenter,DB,PIT,SF,FA,,,,,,,,,,,,,,,,,0.0
T.J. Carrie DB,T.J. Carrie,DB,,Bye,FA,,,,,,,,,,,,,,,,,0.0
Shyheim Carter DB - TEN,Shyheim Carter,DB,TEN,@NO,FA,,,,,,,,,,,,,,,,,0.0
Tariq Castro-Fields DB - WAS,Tariq,Castro,Fields,ARI,FA,,,,,,,,,,,,,,,,,0.0
Andre Chachere DB - ARI,Andre Chachere,DB,ARI,@WAS,FA,,,,,,,,,,,,,,,,,0.0
Anthony Chesley DB,Anthony Chesley,DB,,Bye,FA,,,,,,,,,,,,,,,,,0.0
Lewis Cine DB - MIN O View News,Lewis Cine,DB,MIN,TB,FA,,,,,,,,,,,,,,,,,0.0
Chuck Clark DB - NYJ IR,Chuck Clark,DB,NYJ,BUF,FA,,,,,,,,,,,,,,,,,0.0
Chris Claybrooks DB - JAX EXE,Chris Claybrooks,DB,JAX,@IND,FA,,,,,,,,,,,,,,,,,0.0
Adrian Colbert DB Q,Adrian Colbert DB,Q,,Bye,FA,,,,,,,,,,,,,,,,,0.0
Landon Collins DB,Landon Collins,DB,,Bye,FA,,,,,,,,,,,,,,,,,0.0
Yusuf Corker DB,Yusuf Corker,DB,,Bye,FA,,,,,,,,,,,,,,,,,0.0
Bryce Cosby DB,Bryce Cosby,DB,,Bye,FA,,,,,,,,,,,,,,,,,0.0
Tyler Coyle DB,Tyler Coyle,DB,,Bye,FA,,,,,,,,,,,,,,,,,0.0
Xavier Crawford DB,Xavier Crawford,DB,,Bye,FA,,,,,,,,,,,,,,,,,0.0
Keion Crossen DB - MIA IR,Keion Crossen,DB,MIA,@LAC,FA,,,,,,,,,,,,,,,,,0.0
Marcel Dabo DB - IND,Marcel Dabo,DB,IND,JAX,FA,,,,,,,,,,,,,,,,,0.0
Cameron Dantzler DB - NO,Cameron Dantzler,DB,NO,TEN,FA,,,,,,,,,,,,,,,,,0.0
Ashtyn Davis DB - NYJ,Ashtyn Davis,DB,NYJ,BUF,FA,,,,,,,,,,,,,,,,,0.0
Jalen Davis DB - CIN,Jalen Davis,DB,CIN,@CLE,FA,,,,,,,,,,,,,,,,,0.0
Tyon Davis DB,Tyon Davis,DB,,Bye,FA,,,,,,,,,,,,,,,,,0.0
Duke Dawson DB Q,Duke Dawson DB,Q,,Bye,FA,,,,,,,,,,,,,,,,,0.0
Dee Delaney DB - TB,Dee Delaney,DB,TB,@MIN,FA,,,,,,,,,,,,,,,,,0.0
Trevor Denbow DB - IND,Trevor Denbow,DB,IND,JAX,FA,,,,,,,,,,,,,,,,,0.0
Myles Dorn DB Q,Myles Dorn DB,Q,,Bye,FA,,,,,,,,,,,,,,,,,0.0
Isaiah Dunn DB,Isaiah Dunn,DB,,Bye,FA,,,,,,,,,,,,,,,,,0.0
Brandin Echols DB - NYJ,Brandin Echols,DB,NYJ,BUF,FA,,,,,,,,,,,,,,,,,0.0
Kaiir Elam DB - BUF,Kaiir Elam,DB,BUF,@NYJ,FA,,,,,,,,,,,,,,,,,0.0
Tino Ellis DB Q,Tino Ellis DB,Q,,Bye,FA,,,,,,,,,,,,,,,,,0.0
Brandon Facyson DB - LV IR,Brandon Facyson,DB,LV,@DEN,FA,,,,,,,,,,,,,,,,,0.0
Caleb Farley DB - TEN PUP,Caleb Farley,DB,TEN,@NO,FA,,,,,,,,,,,,,,,,,0.0
Rashad Fenton DB - ARI IR,Rashad Fenton,DB,ARI,@WAS,FA,,,,,,,,,,,,,,,,,0.0
DaMarcus Fields DB,DaMarcus Fields,DB,,Bye,FA,,,,,,,,,,,,,,,,,0.0
Cordale Flott DB - NYG,Cordale Flott,DB,NYG,DAL,FA,,,,,,,,,,,,,,,,,0.0
Tyrell Ford DB,Tyrell Ford,DB,,Bye,FA,,,,,,,,,,,,,,,,,0.0
Jacobi Francis DB - HOU,Jacobi Francis,DB,HOU,@BAL,FA,,,,,,,,,,,,,,,,,0.0
Benjie Franklin DB,Benjie Franklin,DB,,Bye,FA,,,,,,,,,,,,,,,,,0.0
Don Gardner DB Q,Don Gardner DB,Q,,Bye,FA,,,,,,,,,,,,,,,,,0.0
Allan George DB - CIN,Allan George,DB,CIN,@CLE,FA,,,,,,,,,,,,,,,,,0.0
Jake Gervase DB,Jake Gervase,DB,,Bye,FA,,,,,,,,,,,,,,,,,0.0
Zyon Gilbert DB Q,Zyon Gilbert DB,Q,,Bye,FA,,,,,,,,,,,,,,,,,0.0
Tyree Gillespie DB Q,Tyree Gillespie DB,Q,,Bye,FA,,,,,,,,,,,,,,,,,0.0
Mario Goodrich DB - PHI,Mario Goodrich,DB,PHI,@NE,FA,,,,,,,,,,,,,,,,,0.0
Tay Gowan DB Q,Tay Gowan DB,Q,,Bye,FA,,,,,,,,,,,,,,,,,0.0
J.T. Gray DB - NO,J.T. Gray,DB,NO,TEN,FA,,,,,,,,,,,,,,,,,0.0
Vincent Gray DB,Vincent Gray,DB,,Bye,FA,,,,,,,,,,,,,,,,,0.0
A.J. Green DB - CLE,A.J. Green,DB,CLE,CIN,FA,,,,,,,,,,,,,,,,,0.0
Javelin Guidry DB - NYJ IR,Javelin Guidry,DB,NYJ,BUF,FA,,,,,,,,,,,,,,,,,0.0
Nate Hairston DB,Nate Hairston,DB,,Bye,FA,,,,,,,,,,,,,,,,,0.0
Bryce Hall DB - NYJ,Bryce Hall,DB,NYJ,BUF,FA,,,,,,,,,,,,,,,,,0.0
Darren Hall DB - IND,Darren Hall,DB,IND,JAX,FA,,,,,,,,,,,,,,,,,0.0
Kemon Hall DB Q,Kemon Hall DB,Q,,Bye,FA,,,,,,,,,,,,,,,,,0.0
Tyler Hall DB - LV,Tyler Hall,DB,LV,@DEN,FA,,,,,,,,,,,,,,,,,0.0
Damar Hamlin DB - BUF,Damar Hamlin,DB,BUF,@NYJ,dirty birds,,,,,,,,,,,,,,,,,0.0
Matt Hankins DB - LAC,Matt Hankins,DB,LAC,MIA,FA,,,,,,,,,,,,,,,,,0.0
Justin Hardee DB - NYJ,Justin Hardee,DB,NYJ,BUF,FA,,,,,,,,,,,,,,,,,0.0
Madre Harper DB,Madre Harper,DB,,Bye,FA,,,,,,,,,,,,,,,,,0.0
Chris Harris DB,Chris Harris,DB,,Bye,FA,,,,,,,,,,,,,,,,,0.0
Davontae Harris DB,Davontae Harris,DB,,Bye,FA,,,,,,,,,,,,,,,,,0.0
Will Harris DB - DET,Will Harris,DB,DET,@KC,W (Oct 4),,,,,,,,,,,,,,,,,0.0
Myles Hartsfield DB,Myles Hartsfield,DB,,Bye,FA,,,,,,,,,,,,,,,,,0.0
Brad Hawkins DB,Brad Hawkins,DB,,Bye,FA,,,,,,,,,,,,,,,,,0.0
Jaylinn Hawkins DB - ATL,Jaylinn Hawkins,DB,ATL,CAR,FA,,,,,,,,,,,,,,,,,0.0
Tayler Hawkins DB Q,Tayler Hawkins DB,Q,,Bye,FA,,,,,,,,,,,,,,,,,0.0
Elijah Hicks DB - CHI,Elijah Hicks,DB,CHI,GB,FA,,,,,,,,,,,,,,,,,0.0
Faion Hicks DB - NO,Faion Hicks,DB,NO,TEN,FA,,,,,,,,,,,,,,,,,0.0
Ka'dar Hollman DB - HOU,Ka'dar Hollman,DB,HOU,@BAL,FA,,,,,,,,,,,,,,,,,0.0
Darnay Holmes DB - NYG,Darnay Holmes,DB,NYG,DAL,FA,,,,,,,,,,,,,,,,,0.0
Delonte Hood DB,Delonte Hood,DB,,Bye,FA,,,,,,,,,,,,,,,,,0.0
Mike Hughes DB - ATL,Mike Hughes,DB,ATL,CAR,FA,,,,,,,,,,,,,,,,,0.0
Marlon Humphrey DB - BAL O View News,Marlon Humphrey,DB,BAL,HOU,FlyRamsFly,,,,,,,,,,,,,,,,,0.0
Tanner Ingle DB - LA,Tanner Ingle,DB,LA,@SEA,FA,,,,,,,,,,,,,,,,,0.0
Ja'Marcus Ingram DB - BUF,Ja'Marcus Ingram,DB,BUF,@NYJ,FA,,,,,,,,,,,,,,,,,0.0
Christian Izien DB - TB,Christian Izien,DB,TB,@MIN,FA,,,,,,,,,,,,,,,,,0.0
Chris Jackson DB,Chris Jackson,DB,,Bye,FA,,,,,,,,,,,,,,,,,0.0
Theo Jackson DB - MIN,Theo Jackson,DB,MIN,TB,FA,,,,,,,,,,,,,,,,,0.0
Michael Jacquet DB,Michael Jacquet,DB,,Bye,FA,,,,,,,,,,,,,,,,,0.0
Craig James DB,Craig James,DB,,Bye,FA,,,,,,,,,,,,,,,,,0.0
Shemar Jean-Charles DB - SF,Shemar,Jean,Charles,@PIT,FA,,,,,,,,,,,,,,,,,0.0
Danny Johnson DB - WAS,Danny Johnson,DB,WAS,ARI,FA,,,,,,,,,,,,,,,,,0.0
Jaquan Johnson DB,Jaquan Johnson,DB,,Bye,FA,,,,,,,,,,,,,,,,,0.0
Leonard Johnson DB,Leonard Johnson,DB,,Bye,FA,,,,,,,,,,,,,,,,,0.0
Nazeeh Johnson DB - KC IR,Nazeeh Johnson,DB,KC,DET,FA,,,,,,,,,,,,,,,,,0.0
Quindell Johnson DB - CHI,Quindell Johnson,DB,CHI,GB,FA,,,,,,,,,,,,,,,,,0.0
Taron Johnson DB - BUF,Taron Johnson,DB,BUF,@NYJ,FA,,,,,,,,,,,,,,,,,0.0
Shaun Jolly DB Q,Shaun Jolly DB,Q,,Bye,FA,,,,,,,,,,,,,,,,,0.0
Brandon Jones DB - MIA,Brandon Jones,DB,MIA,@LAC,FA,,,,,,,,,,,,,,,,,0.0
Jack Jones DB - NE IR,Jack Jones,DB,NE,PHI,FA,,,,,,,,,,,,,,,,,0.0
Jaylon Jones DB - CHI,Jaylon Jones,DB,CHI,GB,FA,,,,,,,,,,,,,,,,,0.0
Jordan Jones DB,Jordan Jones,DB,,Bye,FA,,,,,,,,,,,,,,,,,0.0
Nic Jones DB - KC,Nic Jones,DB,KC,DET,FA,,,,,,,,,,,,,,,,,0.0
Sidney Jones DB - CIN,Sidney Jones,DB,CIN,@CLE,FA,,,,,,,,,,,,,,,,,0.0
Kelvin Joseph DB - MIA,Kelvin Joseph,DB,MIA,@LAC,FA,,,,,,,,,,,,,,,,,0.0
Gregory Junior DB - JAX IR,Gregory Junior,DB,JAX,@IND,FA,,,,,,,,,,,,,,,,,0.0
Devon Key DB - DEN,Devon Key,DB,DEN,LV,FA,,,,,,,,,,,,,,,,,0.0
Bopete Keyes DB Q,Bopete Keyes DB,Q,,Bye,FA,,,,,,,,,,,,,,,,,0.0
Desmond King DB - PIT,Desmond King,DB,PIT,SF,FA,,,,,,,,,,,,,,,,,0.0
Qwuantrezz Knight DB - ARI,Qwuantrezz Knight,DB,ARI,@WAS,FA,,,,,,,,,,,,,,,,,0.0
Raheem Layne DB - LAC,Raheem Layne,DB,LAC,MIA,FA,,,,,,,,,,,,,,,,,0.0
Richard LeCounte DB - TB,Richard LeCounte,DB,TB,@MIN,FA,,,,,,,,,,,,,,,,,0.0
Deane Leonard DB - LAC D View News,Deane Leonard,DB,LAC,MIA,FA,,,,,,,,,,,,,,,,,0.0
Jourdan Lewis DB - DAL,Jourdan Lewis,DB,DAL,@NYG,FA,,,,,,,,,,,,,,,,,0.0
P.J. Locke DB - DEN IR,P.J. Locke,DB,DEN,LV,FA,,,,,,,,,,,,,,,,,0.0
David Long DB - LV,David Long,DB,LV,@DEN,FA,,,,,,,,,,,,,,,,,0.0
Duron Lowe DB,Duron Lowe,DB,,Bye,FA,,,,,,,,,,,,,,,,,0.0
Chase Lucas DB - DET Q,Chase Lucas,DB,DET,@KC,W (Oct 4),,,,,,,,,,,,,,,,,0.0
Darrell Luter Jr. DB - SF PUP,Darrell Luter Jr.,DB,SF,@PIT,FA,,,,,,,,,,,,,,,,,0.0
Dylan Mabin DB,Dylan Mabin,DB,,Bye,FA,,,,,,,,,,,,,,,,,0.0
Greg Mabin DB,Greg Mabin,DB,,Bye,FA,,,,,,,,,,,,,,,,,0.0
Jartavius Martin DB - WAS,Jartavius Martin,DB,WAS,ARI,FA,,,,,,,,,,,,,,,,,0.0
Arthur Maulet DB - BAL,Arthur Maulet,DB,BAL,HOU,FA,,,,,,,,,,,,,,,,,0.0
Jared Mayden DB,Jared Mayden,DB,,Bye,FA,,,,,,,,,,,,,,,,,0.0
Bobby McCain DB - NYG,Bobby McCain,DB,NYG,DAL,FA,,,,,,,,,,,,,,,,,0.0
Mac McCain III DB Q,Mac McCain III DB,Q,,Bye,FA,,,,,,,,,,,,,,,,,0.0
Tristin McCollum DB - PHI,Tristin McCollum,DB,PHI,@NE,FA,,,,,,,,,,,,,,,,,0.0
Roger McCreary DB - TEN,Roger McCreary,DB,TEN,@NO,FA,,,,,,,,,,,,,,,,,0.0
Verone McKinley III DB - MIA,Verone McKinley III,DB,MIA,@LAC,FA,,,,,,,,,,,,,,,,,0.0
Kyler McMichael DB - ARI IR,Kyler McMichael,DB,ARI,@WAS,FA,,,,,,,,,,,,,,,,,0.0
Ja'Quan McMillian DB - DEN,Ja'Quan McMillian,DB,DEN,LV,FA,,,,,,,,,,,,,,,,,0.0
Ifeatu Melifonwu DB - DET,Ifeatu Melifonwu,DB,DET,@KC,W (Oct 4),,,,,,,,,,,,,,,,,0.0
Herb Miller DB,Herb Miller,DB,,Bye,FA,,,,,,,,,,,,,,,,,0.0
Smoke Monday DB,Smoke Monday,DB,,Bye,FA,,,,,,,,,,,,,,,,,0.0
Tarvarius Moore DB Q,Tarvarius Moore DB,Q,,Bye,FA,,,,,,,,,,,,,,,,,0.0
Jimmy Moreland DB Q,Jimmy Moreland DB,Q,,Bye,FA,,,,,,,,,,,,,,,,,0.0
Emmanuel Moseley DB - DET IA,Emmanuel Moseley,DB,DET,@KC,W (Oct 4),,,,,,,,,,,,,,,,,0.0
Quandre Mosely DB,Quandre Mosely,DB,,Bye,FA,,,,,,,,,,,,,,,,,0.0
Riley Moss DB - DEN,Riley Moss,DB,DEN,LV,FA,,,,,,,,,,,,,,,,,0.0
Trayvon Mullen DB - BAL NFI-R,Trayvon Mullen,DB,BAL,HOU,FA,,,,,,,,,,,,,,,,,0.0
Nik Needham DB - MIA PUP,Nik Needham,DB,MIA,@LAC,FA,,,,,,,,,,,,,,,,,0.0
Scott Nelson DB,Scott Nelson,DB,,Bye,FA,,,,,,,,,,,,,,,,,0.0
Tre Norwood DB - SF,Tre Norwood,DB,SF,@PIT,FA,,,,,,,,,,,,,,,,,0.0
George Odum DB - SF,George Odum,DB,SF,@PIT,FA,,,,,,,,,,,,,,,,,0.0
Michael Ojemudia DB - LA,Michael Ojemudia,DB,LA,@SEA,FA,,,,,,,,,,,,,,,,,0.0
Jeff Okudah DB - ATL,Jeff Okudah,DB,ATL,CAR,FA,,,,,,,,,,,,,,,,,0.0
Amani Oruwariye DB - NYG Q,Amani Oruwariye,DB,NYG,DAL,FA,,,,,,,,,,,,,,,,,0.0
Ayo Oyelola DB - JAX,Ayo Oyelola,DB,JAX,@IND,FA,,,,,,,,,,,,,,,,,0.0
AJ Parker DB,AJ Parker,DB,,Bye,FA,,,,,,,,,,,,,,,,,0.0
Will Parks DB,Will Parks,DB,,Bye,FA,,,,,,,,,,,,,,,,,0.0
Jamal Peters DB,Jamal Peters,DB,,Bye,FA,,,,,,,,,,,,,,,,,0.0
Clark Phillips III DB - ATL,Clark Phillips III,DB,ATL,CAR,FA,,,,,,,,,,,,,,,,,0.0
Darius Phillips DB - DET,Darius Phillips,DB,DET,@KC,W (Oct 4),,,,,,,,,,,,,,,,,0.0
James Pierre DB - PIT,James Pierre,DB,PIT,SF,FA,,,,,,,,,,,,,,,,,0.0
Isaiah Pola-Mao DB - LV,Isaiah,Pola,Mao,@DEN,FA,,,,,,,,,,,,,,,,,0.0
Bobby Price DB - ARI,Bobby Price,DB,ARI,@WAS,FA,,,,,,,,,,,,,,,,,0.0
Jalen Ramsey DB - MIA IR,Jalen Ramsey,DB,MIA,@LAC,FA,,,,,,,,,,,,,,,,,0.0
Rodney Randle DB,Rodney Randle,DB,,Bye,FA,,,,,,,,,,,,,,,,,0.0
Sheldrick Redwine DB - DAL,Sheldrick Redwine,DB,DAL,@NYG,FA,,,,,,,,,,,,,,,,,0.0
John Reid DB,John Reid,DB,,Bye,FA,,,,,,,,,,,,,,,,,0.0
Amik Robertson DB - LV,Amik Robertson,DB,LV,@DEN,FA,,,,,,,,,,,,,,,,,0.0
Aaron Robinson DB - NYG PUP,Aaron Robinson,DB,NYG,DAL,FA,,,,,,,,,,,,,,,,,0.0
Kenny Robinson DB,Kenny Robinson,DB,,Bye,FA,,,,,,,,,,,,,,,,,0.0
Robert Rochell DB - CAR,Robert Rochell,DB,CAR,@ATL,FA,,,,,,,,,,,,,,,,,0.0
Isaiah Rodgers DB - PHI SUS,Isaiah Rodgers,DB,PHI,@NE,FA,,,,,,,,,,,,,,,,,0.0
D'Angelo Ross DB - HOU,D'Angelo Ross,DB,HOU,@BAL,FA,,,,,,,,,,,,,,,,,0.0
Eric Rowe DB,Eric Rowe,DB,,Bye,FA,,,,,,,,,,,,,,,,,0.0
Darius Rush DB - KC,Darius Rush,DB,KC,DET,FA,,,,,,,,,,,,,,,,,0.0
Eric Scott Jr. DB - DAL,Eric Scott Jr.,DB,DAL,@NYG,FA,,,,,,,,,,,,,,,,,0.0
Josiah Scott DB - PIT O,Josiah Scott,DB,PIT,SF,FA,,,,,,,,,,,,,,,,,0.0
Kevon Seymour DB - BAL,Kevon Seymour,DB,BAL,HOU,FA,,,,,,,,,,,,,,,,,0.0
Kendall Sheffield DB - SF,Kendall Sheffield,DB,SF,@PIT,FA,,,,,,,,,,,,,,,,,0.0
Duke Shelley DB - LA,Duke Shelley,DB,LA,@SEA,FA,,,,,,,,,,,,,,,,,0.0
Cam Smith DB - MIA,Cam Smith,DB,MIA,@LAC,FA,,,,,,,,,,,,,,,,,0.0
Terell Smith DB - CHI,Terell Smith,DB,CHI,GB,FA,,,,,,,,,,,,,,,,,0.0
Tremon Smith DB - DEN,Tremon Smith,DB,DEN,LV,FA,,,,,,,,,,,,,,,,,0.0
Caden Sterns DB - DEN IR,Caden Sterns,DB,DEN,LV,FA,,,,,,,,,,,,,,,,,0.0
Eric Stokes DB - GB PUP,Eric Stokes,DB,GB,@CHI,W (Oct 4),,,,,,,,,,,,,,,,,0.0
Greg Stroman DB - CHI,Greg Stroman,DB,CHI,GB,FA,,,,,,,,,,,,,,,,,0.0
Chandon Sullivan DB - PIT,Chandon Sullivan,DB,PIT,SF,FA,,,,,,,,,,,,,,,,,0.0
Cameron Sutton DB - DET,Cameron Sutton,DB,DET,@KC,W (Oct 4),,,,,,,,,,,,,,,,,0.0
Keith Taylor DB - KC,Keith Taylor,DB,KC,DET,FA,,,,,,,,,,,,,,,,,0.0
Marvell Tell DB Q,Marvell Tell DB,Q,,Bye,FA,,,,,,,,,,,,,,,,,0.0
A.J. Thomas DB - CHI,A.J. Thomas,DB,CHI,GB,FA,,,,,,,,,,,,,,,,,0.0
Josh Thomas DB,Josh Thomas,DB,,Bye,FA,,,,,,,,,,,,,,,,,0.0
Kiondre Thomas DB - GB,Kiondre Thomas,DB,GB,@CHI,W (Oct 4),,,,,,,,,,,,,,,,,0.0
Stantley Thomas-Oliver DB Q,Stantley,Thomas,Oliver,Bye,FA,,,,,,,,,,,,,,,,,0.0
Deionte Thompson DB,Deionte Thompson,DB,,Bye,FA,,,,,,,,,,,,,,,,,0.0
Josh Thompson DB Q,Josh Thompson DB,Q,,Bye,FA,,,,,,,,,,,,,,,,,0.0
Trenton Thompson DB - PIT,Trenton Thompson,DB,PIT,SF,FA,,,,,,,,,,,,,,,,,0.0
Juan Thornhill DB - CLE,Juan Thornhill,DB,CLE,CIN,FA,,,,,,,,,,,,,,,,,0.0
Kevin Toliver DB,Kevin Toliver,DB,,Bye,FA,,,,,,,,,,,,,,,,,0.0
Tre Tomlinson DB - LA,Tre Tomlinson,DB,LA,@SEA,FA,,,,,,,,,,,,,,,,,0.0
Cory Trice Jr. DB - PIT IR,Cory Trice Jr.,DB,PIT,SF,FA,,,,,,,,,,,,,,,,,0.0
Nolan Turner DB,Nolan Turner,DB,,Bye,FA,,,,,,,,,,,,,,,,,0.0
Delarrin Turner-Yell DB - DEN,Delarrin,Turner,Yell,LV,FA,,,,,,,,,,,,,,,,,0.0
Shaun Wade DB - NE Q,Shaun Wade,DB,NE,PHI,FA,,,,,,,,,,,,,,,,,0.0
Tracy Walker III DB - DET,Tracy Walker III,DB,DET,@KC,W (Oct 4),,,,,,,,,,,,,,,,,0.0
Jay Ward DB - MIN,Jay Ward,DB,MIN,TB,FA,,,,,,,,,,,,,,,,,0.0
Jimmie Ward DB - HOU,Jimmie Ward,DB,HOU,@BAL,FA,,,,,,,,,,,,,,,,,0.0
Jaylen Watson DB - KC O View News,Jaylen Watson,DB,KC,DET,FA,,,,,,,,,,,,,,,,,0.0
Sterling Weatherford DB Q,Sterling Weatherford DB,Q,,Bye,FA,,,,,,,,,,,,,,,,,0.0
Mark Webb DB,Mark Webb,DB,,Bye,FA,,,,,,,,,,,,,,,,,0.0
Sam Webb DB - CAR,Sam Webb,DB,CAR,@ATL,FA,,,,,,,,,,,,,,,,,0.0
Javin White DB Q,Javin White DB,Q,,Bye,FA,,,,,,,,,,,,,,,,,0.0
Jace Whittaker DB,Jace Whittaker,DB,,Bye,FA,,,,,,,,,,,,,,,,,0.0
Chris Wilcox DB - LAC,Chris Wilcox,DB,LAC,MIA,FA,,,,,,,,,,,,,,,,,0.0
Damarion Williams DB - BAL IR,Damarion Williams,DB,BAL,HOU,FA,,,,,,,,,,,,,,,,,0.0
Garrett Williams DB - ARI NFI-A,Garrett Williams,DB,ARI,@WAS,FA,,,,,,,,,,,,,,,,,0.0
Greedy Williams DB,Greedy Williams,DB,,Bye,FA,,,,,,,,,,,,,,,,,0.0
Jarren Williams DB Q,Jarren Williams DB,Q,,Bye,FA,,,,,,,,,,,,,,,,,0.0
Joejuan Williams DB - CHI,Joejuan Williams,DB,CHI,GB,FA,,,,,,,,,,,,,,,,,0.0
K'Waun Williams DB - DEN IR,K'Waun Williams,DB,DEN,LV,FA,,,,,,,,,,,,,,,,,0.0
Rodarius Williams DB,Rodarius Williams,DB,,Bye,FA,,,,,,,,,,,,,,,,,0.0
Brandon Wilson DB,Brandon Wilson,DB,,Bye,FA,,,,,,,,,,,,,,,,,0.0
Donovan Wilson DB - DAL,Donovan Wilson,DB,DAL,@NYG,FA,,,,,,,,,,,,,,,,,0.0
Andrew Wingard DB - JAX,Andrew Wingard,DB,JAX,@IND,FA,,,,,,,,,,,,,,,,,0.0
Devon Witherspoon DB - SEA,Devon Witherspoon,DB,SEA,LA,FA,,,,,,,,,,,,,,,,,0.0
Jaiden Woodbey DB,Jaiden Woodbey,DB,,Bye,FA,,,,,,,,,,,,,,,,,0.0
Daryl Worley DB - BAL,Daryl Worley,DB,BAL,HOU,FA,,,,,,,,,,,,,,,,,0.0
Nahshon Wright DB - DAL IR,Nahshon Wright,DB,DAL,@NYG,FA,,,,,,,,,,,,,,,,,0.0
Rock Ya-Sin DB - BAL,Rock,Ya,Sin,HOU,FA,,,,,,,,,,,,,,,,,0.0
