Player,Name,Position,Team,Opp,Manager,Tackles_Tot,Tackles_Ast,Tackles_Sck,Tackles_TFL,Turnover_Int,Turnover_Frc Fum,Turnover_Fum Rec,Score_Int TD,Score_FumTD,Score_Blk TD,Score_Saf,Score_Def 2pt Ret,Other_Blk,Other_PDef,Other_QB Hit,Return_Int Yds,Fantasy_Points
Kyle Hamilton DB - BAL Q View News,Kyle Hamilton,DB,BAL,IND,Koblenz 87ers,7.0,2.0,3.0,2.0,,1.0,,,,,,,,1.0,3.0,,50.0
Alontae Taylor DB - NO,Alontae Taylor,DB,NO,@GB,FA,5.0,,1.0,2.0,,,,,,,,,,5.0,1.0,,32.0
Brian Branch DB - DET Q View News,Brian Branch,DB,DET,ATL,FlyRamsFly,11.0,,,3.0,,,,,,,,,,2.0,,,29.0
Levi Wallace DB - PIT,Levi Wallace,DB,PIT,@LV,FA,4.0,2.0,,,2.0,,,,,,,,,4.0,,,25.0
Delarrin Turner-Yell DB - DEN,Delarrin,Turner,Yell,@MIA,FA,10.0,3.0,,,,,,,,,,,,,,,21.5
Kendall Fuller DB - WAS,Kendall Fuller,DB,WAS,BUF,FA,2.0,6.0,,,1.0,,,,,,,,,3.0,,,21.0
Amani Hooker DB - TEN,Amani Hooker,DB,TEN,@CLE,Slay,9.0,2.0,,,,,,,,,,,,,,,20.0
Daxton Hill DB - CIN,Daxton Hill,DB,CIN,LA,Magic Eulers,7.0,1.0,1.0,2.0,,,,,,,,,,,1.0,,19.5
Isaac Yiadom DB - NO,Isaac Yiadom,DB,NO,@GB,FA,3.0,3.0,,,,,,,,,,,,4.0,,,18.5
Jevon Holland DB - MIA,Jevon Holland,DB,MIA,DEN,GLADIATORS of NORSCHT,7.0,1.0,,,,3.0,,,,,,,,1.0,,,17.5
Roger McCreary DB - TEN,Roger McCreary,DB,TEN,@CLE,FA,5.0,5.0,1.0,1.0,,,,,,,,,,,1.0,,17.5
Jessie Bates DB - ATL,Jessie Bates,DB,ATL,@DET,Alta Villa Cardinals,6.0,5.0,,,1.0,,,,,,,,,1.0,,,12.5
Reed Blankenship DB - PHI,Reed Blankenship,DB,PHI,@TB,Alta Villa Cardinals,6.0,1.0,,1.0,1.0,,,,,,,,,1.0,,,12.5
Akayleb Evans DB - MIN,Akayleb Evans,DB,MIN,LAC,FA,7.0,4.0,,,,1.0,,,,,,,,,,,12.0
Sean Murphy-Bunting DB - TEN,Sean,Murphy,Bunting,@CLE,GLADIATORS of NORSCHT,6.0,,,,,1.0,1.0,,,,,,,,,,12.0
Byron Murphy DB - MIN View News,Byron Murphy,DB,MIN,LAC,FA,9.0,1.0,,,,,,,,,,,,2.0,,,11.5
Terell Smith DB - CHI,Terell Smith,DB,CHI,@KC,FA,7.0,3.0,,1.0,,,,,,,,,,1.0,,,11.5
Brandon Stephens DB - BAL,Brandon Stephens,DB,BAL,IND,FA,8.0,3.0,,,,,,,,,,,,2.0,,,11.5
Devon Witherspoon DB - SEA,Devon Witherspoon,DB,SEA,CAR,FA,8.0,3.0,,,,,,,,,,,,2.0,,,11.5
Julian Blackmon DB - IND,Julian Blackmon,DB,IND,@BAL,FA,6.0,6.0,,1.0,,,,,,,,,,,,,11.0
Kei'Trel Clark DB - ARI,Kei'Trel Clark,DB,ARI,DAL,FA,8.0,2.0,,,,,,,,,,,,2.0,,,11.0
Alohi Gilman DB - LAC Q View News,Alohi Gilman,DB,LAC,@MIN,Washington Fantasy Team,3.0,2.0,,,,1.0,1.0,,,,,,,1.0,,,11.0
Ryan Neal DB - TB,Ryan Neal,DB,TB,PHI,Magic Eulers,6.0,5.0,,1.0,,,,,,,,,,,,,10.5
Jordan Whitehead DB - NYJ,Jordan Whitehead,DB,NYJ,NE,St Quintin Heidschnucken,9.0,1.0,,,,,,,,,,,,1.0,,,10.5
Julius Brents DB - IND,Julius Brents,DB,IND,@BAL,FA,4.0,,,,,1.0,1.0,,,,,,,,,,10.0
Jabrill Peppers DB - NE,Jabrill Peppers,DB,NE,@NYJ,FA,6.0,1.0,,1.0,,,,,,,,,,,,,9.75
Michael Davis DB - LAC,Michael Davis,DB,LAC,@MIN,FA,8.0,,,,,,,,,,,,,1.0,,,9.0
Kyle Dugger DB - NE,Kyle Dugger,DB,NE,@NYJ,Magic Eulers,5.0,2.0,,1.0,,,,,,,,,,1.0,,,9.0
Minkah Fitzpatrick DB - PIT,Minkah Fitzpatrick,DB,PIT,@LV,Washington Fantasy Team,7.0,4.0,,,,,,,,,,,,,,,9.0
Camryn Bynum DB - MIN,Camryn Bynum,DB,MIN,LAC,Washington Fantasy Team,5.0,1.0,,1.0,,,,,,,,,,1.0,,,8.5
Rudy Ford DB - GB,Rudy Ford,DB,GB,NO,W (Oct 4),6.0,1.0,,,,,,,,,,,,2.0,,,8.5
Shaquill Griffin DB - HOU,Shaquill Griffin,DB,HOU,@JAX,FA,7.0,3.0,,,,,,,,,,,,,,,8.5
Rayshawn Jenkins DB - JAX,Rayshawn Jenkins,DB,JAX,HOU,Slay,6.0,1.0,,1.0,,,,,,,,,,,,,8.5
Patrick Peterson DB - PIT,Patrick Peterson,DB,PIT,@LV,FA,4.0,1.0,,,1.0,,,,,,,,,1.0,,,8.5
Vonn Bell DB - CAR,Vonn Bell,DB,CAR,@SEA,St Quintin Heidschnucken,8.0,,,,,,,,,,,,,,,,8.0
Richie Grant DB - ATL,Richie Grant,DB,ATL,@DET,dirty birds,2.0,4.0,,,,,,,,,,,,,2.0,,8.0
Asante Samuel Jr. DB - LAC,Asante Samuel Jr.,DB,LAC,@MIN,FA,6.0,,,,,,,,,,,,,2.0,,,8.0
Antoine Winfield Jr. DB - TB,Antoine Winfield Jr.,DB,TB,PHI,Koblenz 87ers,5.0,6.0,,,,,,,,,,,,,,,8.0
Mike Edwards DB - KC,Mike Edwards,DB,KC,CHI,FA,,1.0,,,1.0,,,,,,,,,1.0,,16.0,7.7
Adrian Amos DB - NYJ,Adrian Amos,DB,NYJ,NE,FA,6.0,1.0,,,,,,,,,,,,1.0,,,7.5
Taron Johnson DB - BUF,Taron Johnson,DB,BUF,@WAS,FA,4.0,1.0,,,,1.0,,,,,,,,,,,7.5
Jaylon Jones DB - CHI,Jaylon Jones,DB,CHI,@KC,FA,5.0,1.0,,1.0,,,,,,,,,,,,,7.5
Marcus Peters DB - LV,Marcus Peters,DB,LV,PIT,FA,5.0,1.0,,1.0,,,,,,,,,,,,,7.5
Jalen Thompson DB - ARI,Jalen Thompson,DB,ARI,DAL,dirty birds,5.0,3.0,,,,,,,,,,,,1.0,,,7.5
Denzel Ward DB - CLE,Denzel Ward,DB,CLE,TEN,Bad Wildcats Hunschat,3.0,1.0,,1.0,,,,,,,,,,2.0,,,7.5
Keisean Nixon DB - GB,Keisean Nixon,DB,GB,NO,W (Oct 4),3.0,,,,,,,,,,,,,1.0,,,7.4
Tre'Davious White DB - BUF,Tre'Davious White,DB,BUF,@WAS,FA,3.0,,,,1.0,,,,,,,,,1.0,,2.0,7.4
Justin Bethel DB - MIA,Justin Bethel,DB,MIA,DEN,FA,3.0,,,2.0,,,,,,,,,,,,,7.0
Kamren Curl DB - WAS,Kamren Curl,DB,WAS,BUF,Koblenz 87ers,4.0,2.0,,1.0,,,,,,,,,,,,,7.0
Cobie Durant DB - LA,Cobie Durant,DB,LA,@CIN,FA,6.0,,,,,,,,,,,,,1.0,,,7.0
Mike Jackson DB - SEA,Mike Jackson,DB,SEA,CAR,Boppard Raiders,6.0,,,,,,,,,,,,,1.0,,,7.0
Jerry Jacobs DB - DET View News,Jerry Jacobs,DB,DET,ATL,W (Oct 4),7.0,,,,,,,,,,,,,,,,7.0
Kader Kohou DB - MIA,Kader Kohou,DB,MIA,DEN,FA,1.0,2.0,,,,,1.0,,,,,,,2.0,,,7.0
Trent McDuffie DB - KC,Trent McDuffie,DB,KC,CHI,FA,3.0,2.0,,,,1.0,,,,,,,,,,,7.0
Eric Murray DB - HOU,Eric Murray,DB,HOU,@JAX,FA,3.0,2.0,,,,1.0,,,,,,,,,,,7.0
Benjamin St-Juste DB - WAS,Benjamin,St,Juste,BUF,FA,5.0,2.0,,,,,,,,,,,,1.0,,,7.0
Talanoa Hufanga DB - SF,Talanoa Hufanga,DB,SF,NYG,St Quintin Heidschnucken,1.0,,,,1.0,,,,,,,,,1.0,,8.0,6.6
Dee Delaney DB - TB,Dee Delaney,DB,TB,PHI,FA,2.0,1.0,,,1.0,,,,,,,,,1.0,,,6.5
Nate Hobbs DB - LV Q View News,Nate Hobbs,DB,LV,PIT,Boppard Raiders,3.0,3.0,,,,,,,,,,,,2.0,,,6.5
Derion Kendrick DB - LA,Derion Kendrick,DB,LA,@CIN,FA,3.0,3.0,,,,,,,,,,,,2.0,,,6.5
Marshon Lattimore DB - NO,Marshon Lattimore,DB,NO,@GB,FlyRamsFly,4.0,3.0,,,,,,,,,,,,1.0,,,6.5
Julian Love DB - SEA Q,Julian Love,DB,SEA,CAR,Wbn Beasts,4.0,1.0,,,,,,,,,,,,2.0,,,6.5
Xavier McKinney DB - NYG,Xavier McKinney,DB,NYG,@SF,FA,6.0,1.0,,,,,,,,,,,,,,,6.5
Darnell Savage DB - GB,Darnell Savage,DB,GB,NO,W (Oct 4),6.0,1.0,,,,,,,,,,,,,,,6.5
K'Von Wallace DB - ARI,K'Von Wallace,DB,ARI,DAL,Alta Villa Cardinals,4.0,3.0,,,,,,,,,,,,1.0,,,6.5
Jimmie Ward DB - HOU,Jimmie Ward,DB,HOU,@JAX,FA,5.0,3.0,,,,,,,,,,,,,,,6.5
DeShon Elliott DB - MIA Q View News,DeShon Elliott,DB,MIA,DEN,Wbn Beasts,3.0,2.0,,,,,,,,,,,,2.0,,,6.0
Martin Emerson DB - CLE,Martin Emerson,DB,CLE,TEN,FA,3.0,,,1.0,,,,,,,,,,1.0,,,6.0
Darrick Forrest DB - WAS,Darrick Forrest,DB,WAS,BUF,Boppard Raiders,5.0,2.0,,,,,,,,,,,,,,,6.0
Derwin James DB - LAC D View News,Derwin James,DB,LAC,@MIN,St Quintin Heidschnucken,5.0,2.0,,,,,,,,,,,,,,,6.0
Zyon McCollum DB - TB,Zyon McCollum,DB,TB,PHI,FA,4.0,2.0,,,,,,,,,,,,1.0,,,6.0
Ifeatu Melifonwu DB - DET,Ifeatu Melifonwu,DB,DET,ATL,W (Oct 4),3.0,,,1.0,,,,,,,,,,1.0,,,6.0
Josh Metellus DB - MIN View News,Josh Metellus,DB,MIN,LAC,FA,2.0,4.0,,,,,,,,,,,,,1.0,,6.0
Jason Pinnock DB - NYG,Jason Pinnock,DB,NYG,@SF,Alta Villa Cardinals,3.0,2.0,,,,,,,,,,,,,1.0,,6.0
Harrison Smith DB - MIN,Harrison Smith,DB,MIN,LAC,Alta Villa Cardinals,2.0,2.0,,,,1.0,,,,,,,,,,,6.0
Tracy Walker III DB - DET,Tracy Walker III,DB,DET,ATL,W (Oct 4),4.0,2.0,,,,,,,,,,,,1.0,,,6.0
Charvarius Ward DB - SF,Charvarius Ward,DB,SF,NYG,Boppard Raiders,4.0,,,,,,,,,,,,,2.0,,,6.0
Micah Hyde DB - BUF,Micah Hyde,DB,BUF,@WAS,FA,1.0,1.0,,,1.0,,,,,,,,,1.0,,1.0,5.7
DaRon Bland DB - DAL,DaRon Bland,DB,DAL,@ARI,FA,5.0,1.0,,,,,,,,,,,,,,,5.5
Jaquan Brisker DB - CHI,Jaquan Brisker,DB,CHI,@KC,Magic Eulers,4.0,3.0,,,,,,,,,,,,,,,5.5
Andre Cisco DB - JAX,Andre Cisco,DB,JAX,HOU,FA,4.0,3.0,,,,,,,,,,,,,,,5.5
Jayron Kearse DB - DAL,Jayron Kearse,DB,DAL,@ARI,Koblenz 87ers,5.0,1.0,,,,,,,,,,,,,,,5.5
Cam Taylor-Britt DB - CIN,Cam,Taylor,Britt,LA,FA,5.0,1.0,,,,,,,,,,,,,,,5.5
A.J. Terrell DB - ATL,A.J. Terrell,DB,ATL,@DET,FA,3.0,1.0,,1.0,,,,,,,,,,,,,5.5
Donovan Wilson DB - DAL,Donovan Wilson,DB,DAL,@ARI,FA,3.0,1.0,,1.0,,,,,,,,,,,,,5.5
Daryl Worley DB - BAL,Daryl Worley,DB,BAL,IND,FA,4.0,3.0,,,,,,,,,,,,,,,5.5
Corey Ballentine DB - GB,Corey Ballentine,DB,GB,NO,W (Oct 4),4.0,,,,,,,,,,,,,1.0,,,5.0
Christian Benford DB - BUF,Christian Benford,DB,BUF,@WAS,FA,2.0,2.0,,1.0,,,,,,,,,,,,,5.0
Emmanuel Forbes DB - WAS,Emmanuel Forbes,DB,WAS,BUF,FA,3.0,,,1.0,,,,,,,,,,,,,5.0
Darnay Holmes DB - NYG,Darnay Holmes,DB,NYG,@SF,FA,2.0,,,1.0,,,,,,,,,,1.0,,,5.0
Xavien Howard DB - MIA,Xavien Howard,DB,MIA,DEN,FA,3.0,,,,,,,,,,,,,,1.0,,5.0
Donte Jackson DB - CAR,Donte Jackson,DB,CAR,@SEA,FA,3.0,,,1.0,,,,,,,,,,,,,5.0
Jaylon Johnson DB - CHI O View News,Jaylon Johnson,DB,CHI,@KC,FA,2.0,,,1.0,,,,,,,,,,1.0,,,5.0
Elijah Molden DB - TEN O View News,Elijah Molden,DB,TEN,@CLE,FA,2.0,2.0,,1.0,,,,,,,,,,,,,5.0
Steven Nelson DB - HOU,Steven Nelson,DB,HOU,@JAX,FA,4.0,,,,,,,,,,,,,1.0,,,5.0
Nick Scott DB - CIN,Nick Scott,DB,CIN,LA,FA,3.0,,,,,,,,,,,,,,1.0,,5.0
Ja'Sir Taylor DB - LAC,Ja'Sir Taylor,DB,LAC,@MIN,FA,2.0,,,,,,,,,,,,,1.0,1.0,,5.0
Dallis Flowers DB - IND,Dallis Flowers,DB,IND,@BAL,FA,4.0,1.0,,,,,,,,,,,,,,,4.5
Sam Franklin Jr. DB - CAR,Sam Franklin Jr.,DB,CAR,@SEA,FA,2.0,3.0,,,,,,,,,,,,1.0,,,4.5
Tashaun Gipson DB - SF,Tashaun Gipson,DB,SF,NYG,FA,4.0,1.0,,,,,,,,,,,,,,,4.5
Quindell Johnson DB - CHI,Quindell Johnson,DB,CHI,@KC,FA,,1.0,,,1.0,,,,,,,,,1.0,,,4.5
Deommodore Lenoir DB - SF,Deommodore Lenoir,DB,SF,NYG,Bad Wildcats Hunschat,4.0,1.0,,,,,,,,,,,,,,,4.5
Jourdan Lewis DB - DAL,Jourdan Lewis,DB,DAL,@ARI,FA,2.0,1.0,,1.0,,,,,,,,,,,,,4.5
Damarri Mathis DB - DEN,Damarri Mathis,DB,DEN,@MIA,FA,4.0,1.0,,,,,,,,,,,,,,,4.5
Pat Surtain II DB - DEN,Pat Surtain II,DB,DEN,@MIA,FA,4.0,1.0,,,,,,,,,,,,,,,4.5
Rodney Thomas DB - IND,Rodney Thomas,DB,IND,@BAL,FA,4.0,1.0,,,,,,,,,,,,,,,4.5
Marco Wilson DB - ARI,Marco Wilson,DB,ARI,DAL,FA,2.0,1.0,,,,,,,,,,,,2.0,,,4.5
Russ Yeast DB - LA,Russ Yeast,DB,LA,@CIN,FA,3.0,3.0,,,,,,,,,,,,,,,4.5
Grayland Arnold DB - HOU,Grayland Arnold,DB,HOU,@JAX,FA,3.0,2.0,,,,,,,,,,,,,,,4.0
James Bradberry DB - PHI,James Bradberry,DB,PHI,@TB,FA,1.0,,,,,,1.0,,,,,,,,,,4.0
Michael Carter II DB - NYJ,Michael Carter II,DB,NYJ,NE,FA,3.0,,,,,,,,,,,,,1.0,,,4.0
Tre Hawkins III DB - NYG,Tre Hawkins III,DB,NYG,@SF,FA,2.0,4.0,,,,,,,,,,,,,,,4.0
Malik Hooker DB - DAL,Malik Hooker,DB,DAL,@ARI,FA,3.0,2.0,,,,,,,,,,,,,,,4.0
Josh Jobe DB - PHI,Josh Jobe,DB,PHI,@TB,FA,4.0,,,,,,,,,,,,,,,,4.0
Tyrann Mathieu DB - NO,Tyrann Mathieu,DB,NO,@GB,FA,2.0,2.0,,,,,,,,,,,,1.0,,,4.0
Kenny Moore II DB - IND,Kenny Moore II,DB,IND,@BAL,FA,2.0,2.0,,,,,,,,,,,,1.0,,,4.0
Jordan Poyer DB - BUF O View News,Jordan Poyer,DB,BUF,@WAS,Bad Wildcats Hunschat,4.0,,,,,,,,,,,,,,,,4.0
D.J. Reed DB - NYJ,D.J. Reed,DB,NYJ,NE,FA,4.0,,,,,,,,,,,,,,,,4.0
Ahkello Witherspoon DB - LA,Ahkello Witherspoon,DB,LA,@CIN,FA,,,,,1.0,,,,,,,,,1.0,,,4.0
Dee Alford DB - ATL,Dee Alford,DB,ATL,@DET,Wbn Beasts,2.0,1.0,,,,,,,,,,,,1.0,,,3.5
Jeremy Chinn DB - CAR,Jeremy Chinn,DB,CAR,@SEA,FA,2.0,3.0,,,,,,,,,,,,,,,3.5
Bryan Cook DB - KC,Bryan Cook,DB,KC,CHI,FA,3.0,1.0,,,,,,,,,,,,,,,3.5
Jordan Fuller DB - LA,Jordan Fuller,DB,LA,@CIN,Washington Fantasy Team,3.0,1.0,,,,,,,,,,,,,,,3.5
Stephon Gilmore DB - DAL,Stephon Gilmore,DB,DAL,@ARI,FA,2.0,1.0,,,,,,,,,,,,1.0,,,3.5
Christian Gonzalez DB - NE,Christian Gonzalez,DB,NE,@NYJ,Bad Wildcats Hunschat,2.0,1.0,,,,,,,,,,,,1.0,,,3.5
Tre'von Moehrig DB - LV,Tre'von Moehrig,DB,LV,PIT,FA,3.0,1.0,,,,,,,,,,,,,,,3.5
Isaiah Oliver DB - SF,Isaiah Oliver,DB,SF,NYG,FA,3.0,1.0,,,,,,,,,,,,,,,3.5
Chidobe Awuzie DB - CIN,Chidobe Awuzie,DB,CIN,LA,FA,2.0,2.0,,,,,,,,,,,,,,,3.0
Deonte Banks DB - NYG,Deonte Banks,DB,NYG,@SF,FA,2.0,,,,,,,,,,,,,1.0,,,3.0
Jamel Dean DB - TB O View News,Jamel Dean,DB,TB,PHI,FA,3.0,,,,,,,,,,,,,,,,3.0
Quandre Diggs DB - SEA Q,Quandre Diggs,DB,SEA,CAR,Koblenz 87ers,3.0,,,,,,,,,,,,,,,,3.0
Rasul Douglas DB - GB,Rasul Douglas,DB,GB,NO,dirty birds,2.0,,,,,,,,,,,,,1.0,,,3.0
Marcus Epps DB - LV,Marcus Epps,DB,LV,PIT,Bad Wildcats Hunschat,2.0,2.0,,,,,,,,,,,,,,,3.0
Keanu Neal DB - PIT,Keanu Neal,DB,PIT,@LV,FA,2.0,2.0,,,,,,,,,,,,,,,3.0
L'Jarius Sneed DB - KC,L'Jarius Sneed,DB,KC,CHI,FlyRamsFly,1.0,,,1.0,,,,,,,,,,,,,3.0
Greg Stroman DB - CHI,Greg Stroman,DB,CHI,@KC,FA,2.0,2.0,,,,,,,,,,,,,,,3.0
Joshua Williams DB - KC,Joshua Williams,DB,KC,CHI,FA,2.0,,,,,,,,,,,,,1.0,,,3.0
Essang Bassey DB - DEN,Essang Bassey,DB,DEN,@MIA,FA,2.0,1.0,,,,,,,,,,,,,,,2.5
Sydney Brown DB - PHI O View News,Sydney Brown,DB,PHI,@TB,FA,1.0,1.0,,,,,,,,,,,,1.0,,,2.5
Percy Butler DB - WAS Q,Percy Butler,DB,WAS,BUF,FA,1.0,1.0,,,,,,,,,,,,1.0,,,2.5
Tyson Campbell DB - JAX,Tyson Campbell,DB,JAX,HOU,Slay,2.0,1.0,,,,,,,,,,,,,,,2.5
Elijah Hicks DB - CHI,Elijah Hicks,DB,CHI,@KC,FA,2.0,1.0,,,,,,,,,,,,,,,2.5
Mike Hilton DB - CIN,Mike Hilton,DB,CIN,LA,FA,1.0,1.0,,,,,,,,,,,,1.0,,,2.5
Adrian Phillips DB - NE,Adrian Phillips,DB,NE,@NYJ,FA,2.0,1.0,,,,,,,,,,,,,,,2.5
Justin Reid DB - KC,Justin Reid,DB,KC,CHI,FA,1.0,1.0,,,,,,,,,,,,1.0,,,2.5
Cameron Sutton DB - DET,Cameron Sutton,DB,DET,ATL,W (Oct 4),2.0,1.0,,,,,,,,,,,,,,,2.5
Darious Williams DB - JAX,Darious Williams,DB,JAX,HOU,FA,1.0,1.0,,,,,,,,,,,,1.0,,,2.5
Ashtyn Davis DB - NYJ,Ashtyn Davis,DB,NYJ,NE,FA,2.0,,,,,,,,,,,,,,,,2.0
Grant Delpit DB - CLE,Grant Delpit,DB,CLE,TEN,Wbn Beasts,2.0,,,,,,,,,,,,,,,,2.0
Terrell Edmunds DB - PHI,Terrell Edmunds,DB,PHI,@TB,FA,2.0,,,,,,,,,,,,,,,,2.0
C.J. Goodwin DB - DAL,C.J. Goodwin,DB,DAL,@ARI,FA,2.0,,,,,,,,,,,,,,,,2.0
Brandon Jones DB - MIA,Brandon Jones,DB,MIA,DEN,FA,1.0,2.0,,,,,,,,,,,,,,,2.0
Damontae Kazee DB - PIT,Damontae Kazee,DB,PIT,@LV,FA,2.0,,,,,,,,,,,,,,,,2.0
Miles Killebrew DB - PIT,Miles Killebrew,DB,PIT,@LV,FA,2.0,,,,,,,,,,,,,,,,2.0
Raheem Layne DB - LAC,Raheem Layne,DB,LAC,@MIN,FA,2.0,,,,,,,,,,,,,,,,2.0
Joey Porter Jr. DB - PIT,Joey Porter Jr.,DB,PIT,@LV,FA,2.0,,,,,,,,,,,,,,,,2.0
Tyrique Stevenson DB - CHI,Tyrique Stevenson,DB,CHI,@KC,FA,2.0,,,,,,,,,,,,,,,,2.0
Juan Thornhill DB - CLE,Juan Thornhill,DB,CLE,TEN,FA,2.0,,,,,,,,,,,,,,,,2.0
Tre Tomlinson DB - LA,Tre Tomlinson,DB,LA,@CIN,FA,2.0,,,,,,,,,,,,,,,,2.0
Mike Hughes DB - ATL,Mike Hughes,DB,ATL,@DET,FA,,,,,,,,,,,,,,,,,1.9
Josh Blackwell DB - CHI IR View News,Josh Blackwell,DB,CHI,@KC,FA,1.0,1.0,,,,,,,,,,,,,,,1.5
Kevin Byard DB - TEN,Kevin Byard,DB,TEN,@CLE,FlyRamsFly,1.0,1.0,,,,,,,,,,,,,,,1.5
Andre Chachere DB - ARI,Andre Chachere,DB,ARI,DAL,FA,1.0,1.0,,,,,,,,,,,,,,,1.5
J.T. Gray DB - NO,J.T. Gray,DB,NO,@GB,FA,1.0,1.0,,,,,,,,,,,,,,,1.5
Jaylinn Hawkins DB - ATL,Jaylinn Hawkins,DB,ATL,@DET,FA,1.0,1.0,,,,,,,,,,,,,,,1.5
George Odum DB - SF,George Odum,DB,SF,NYG,FA,1.0,1.0,,,,,,,,,,,,,,,1.5
DJ Turner II DB - CIN Q,DJ Turner II,DB,CIN,LA,FA,,1.0,,,,,,,,,,,,1.0,,,1.5
Tycen Anderson DB - CIN,Tycen Anderson,DB,CIN,LA,FA,1.0,,,,,,,,,,,,,,,,1.0
Markquese Bell DB - DAL,Markquese Bell,DB,DAL,@ARI,FA,,2.0,,,,,,,,,,,,,,,1.0
Dicaprio Bootle DB - CAR,Dicaprio Bootle,DB,CAR,@SEA,FA,1.0,,,,,,,,,,,,,,,,1.0
Nick Cross DB - IND,Nick Cross,DB,IND,@BAL,FA,1.0,,,,,,,,,,,,,,,,1.0
Jalen Davis DB - CIN,Jalen Davis,DB,CIN,LA,FA,,,,,,,,,,,,,,1.0,,,1.0
Trevor Denbow DB - IND,Trevor Denbow,DB,IND,@BAL,FA,1.0,,,,,,,,,,,,,,,,1.0
Justin Hardee DB - NYJ,Justin Hardee,DB,NYJ,NE,FA,1.0,,,,,,,,,,,,,,,,1.0
C.J. Henderson DB - CAR,C.J. Henderson,DB,CAR,@SEA,FA,,,,,,,,,,,,,,1.0,,,1.0
Christian Holmes DB - WAS,Christian Holmes,DB,WAS,BUF,FA,1.0,,,,,,,,,,,,,,,,1.0
Dane Jackson DB - BUF,Dane Jackson,DB,BUF,@WAS,FA,1.0,,,,,,,,,,,,,,,,1.0
Theo Jackson DB - MIN,Theo Jackson,DB,MIN,LAC,FA,1.0,,,,,,,,,,,,,,,,1.0
Kelvin Joseph DB - MIA,Kelvin Joseph,DB,MIA,DEN,FA,1.0,,,,,,,,,,,,,,,,1.0
Quentin Lake DB - LA,Quentin Lake,DB,LA,@CIN,FA,1.0,,,,,,,,,,,,,,,,1.0
Siran Neal DB - BUF View News,Siran Neal,DB,BUF,@WAS,FA,,2.0,,,,,,,,,,,,,,,1.0
Brenden Schooler DB - NE,Brenden Schooler,DB,NE,@NYJ,FA,1.0,,,,,,,,,,,,,,,,1.0
Darius Slay DB - PHI,Darius Slay,DB,PHI,@TB,GLADIATORS of NORSCHT,1.0,,,,,,,,,,,,,,,,1.0
Tremon Smith DB - DEN,Tremon Smith,DB,DEN,@MIA,FA,1.0,,,,,,,,,,,,,,,,1.0
Daniel Thomas DB - JAX,Daniel Thomas,DB,JAX,HOU,FA,1.0,,,,,,,,,,,,,,,,1.0
Shaun Wade DB - NE Q,Shaun Wade,DB,NE,@NYJ,FA,1.0,,,,,,,,,,,,,,,,1.0
Jaylen Watson DB - KC O View News,Jaylen Watson,DB,KC,CHI,FA,1.0,,,,,,,,,,,,,,,,1.0
Andrew Wingard DB - JAX,Andrew Wingard,DB,JAX,HOU,FA,1.0,,,,,,,,,,,,,,,,1.0
JT Woods DB - LAC O View News,JT Woods,DB,LAC,@MIN,FA,1.0,,,,,,,,,,,,,,,,1.0
Xavier Woods DB - CAR O,Xavier Woods,DB,CAR,@SEA,FA,1.0,,,,,,,,,,,,,,,,1.0
Rock Ya-Sin DB - BAL,Rock,Ya,Sin,IND,FA,1.0,,,,,,,,,,,,,,,,1.0
Jalyn Armour-Davis DB - BAL,Jalyn,Armour,Davis,IND,FA,,1.0,,,,,,,,,,,,,,,0.5
Elijah Campbell DB - MIA,Elijah Campbell,DB,MIA,DEN,FA,,1.0,,,,,,,,,,,,,,,0.5
Justin Evans DB - PHI Q View News,Justin Evans,DB,PHI,@TB,FA,,1.0,,,,,,,,,,,,,,,0.5
Tre Herndon DB - JAX,Tre Herndon,DB,JAX,HOU,FA,,1.0,,,,,,,,,,,,,,,0.5
Taylor Rapp DB - BUF View News,Taylor Rapp,DB,BUF,@WAS,FA,,1.0,,,,,,,,,,,,,,,0.5
Micah Abernathy DB - ATL,Micah Abernathy,DB,ATL,@DET,FA,,,,,,,,,,,,,,,,,0.0
Johnathan Abram DB - NO,Johnathan Abram,DB,NO,@GB,FA,,,,,,,,,,,,,,,,,0.0
Jamal Adams DB - SEA,Jamal Adams,DB,SEA,CAR,St Quintin Heidschnucken,,,,,,,,,,,,,,,,,0.0
Tony Adams DB - NYJ O View News,Tony Adams,DB,NYJ,NE,FA,,,,,,,,,,,,,,,,,0.0
Jaire Alexander DB - GB IA,Jaire Alexander,DB,GB,NO,GLADIATORS of NORSCHT,,,,,,,,,,,,,,,,,0.0
Ugo Amadi DB - NO,Ugo Amadi,DB,NO,@GB,FA,,,,,,,,,,,,,,,,,0.0
Zayne Anderson DB - GB IA,Zayne Anderson,DB,GB,NO,W (Oct 4),,,,,,,,,,,,,,,,,0.0
Troy Apke DB - WAS IR,Troy Apke,DB,WAS,BUF,FA,,,,,,,,,,,,,,,,,0.0
Cornell Armstrong DB Q,Cornell Armstrong DB,Q,,Bye,FA,,,,,,,,,,,,,,,,,0.0
Tre Avery DB - TEN,Tre Avery,DB,TEN,@CLE,FA,,,,,,,,,,,,,,,,,0.0
Budda Baker DB - ARI IR,Budda Baker,DB,ARI,DAL,FA,,,,,,,,,,,,,,,,,0.0
Darrell Baker Jr. DB - IND,Darrell Baker Jr.,DB,IND,@BAL,FA,,,,,,,,,,,,,,,,,0.0
Kalon Barnes DB,Kalon Barnes,DB,,Bye,FA,,,,,,,,,,,,,,,,,0.0
Jordan Battle DB - CIN,Jordan Battle,DB,CIN,LA,FA,,,,,,,,,,,,,,,,,0.0
D'Anthony Bell DB - CLE,D'Anthony Bell,DB,CLE,TEN,FA,,,,,,,,,,,,,,,,,0.0
Dane Belton DB - NYG,Dane Belton,DB,NYG,@SF,FA,,,,,,,,,,,,,,,,,0.0
Jarrick Bernard-Converse DB - NYJ PUP,Jarrick,Bernard,Converse,NE,FA,,,,,,,,,,,,,,,,,0.0
Henry Black DB - IND,Henry Black,DB,IND,@BAL,FA,,,,,,,,,,,,,,,,,0.0
Joshuah Bledsoe DB - NE,Joshuah Bledsoe,DB,NE,@NYJ,FA,,,,,,,,,,,,,,,,,0.0
Joey Blount DB - ARI,Joey Blount,DB,ARI,DAL,FA,,,,,,,,,,,,,,,,,0.0
Bubba Bolden DB,Bubba Bolden,DB,,Bye,FA,,,,,,,,,,,,,,,,,0.0
Isaiah Bolden DB - NE IR,Isaiah Bolden,DB,NE,@NYJ,FA,,,,,,,,,,,,,,,,,0.0
Andrew Booth DB - MIN,Andrew Booth,DB,MIN,LAC,FA,,,,,,,,,,,,,,,,,0.0
Breon Borders DB - NE,Breon Borders,DB,NE,@NYJ,FA,,,,,,,,,,,,,,,,,0.0
Kris Boyd DB - ARI,Kris Boyd,DB,ARI,DAL,FA,,,,,,,,,,,,,,,,,0.0
Christian Braswell DB - JAX,Christian Braswell,DB,JAX,HOU,FA,,,,,,,,,,,,,,,,,0.0
Brady Breeze DB,Brady Breeze,DB,,Bye,FA,,,,,,,,,,,,,,,,,0.0
Ike Brown DB,Ike Brown,DB,,Bye,FA,,,,,,,,,,,,,,,,,0.0
Mike Brown DB - TEN,Mike Brown,DB,TEN,@CLE,FA,,,,,,,,,,,,,,,,,0.0
Tony Brown DB - IND,Tony Brown,DB,IND,@BAL,FA,,,,,,,,,,,,,,,,,0.0
Tre Brown DB - SEA Q,Tre Brown,DB,SEA,CAR,FA,,,,,,,,,,,,,,,,,0.0
Coby Bryant DB - SEA Q,Coby Bryant,DB,SEA,CAR,FA,,,,,,,,,,,,,,,,,0.0
Terrell Burgess DB - WAS,Terrell Burgess,DB,WAS,BUF,FA,,,,,,,,,,,,,,,,,0.0
Deon Bush DB - KC,Deon Bush,DB,KC,CHI,FA,,,,,,,,,,,,,,,,,0.0
Bryce Callahan DB,Bryce Callahan,DB,,Bye,FA,,,,,,,,,,,,,,,,,0.0
Tevaughn Campbell DB - JAX,Tevaughn Campbell,DB,JAX,HOU,FA,,,,,,,,,,,,,,,,,0.0
Tariq Carpenter DB - PIT,Tariq Carpenter,DB,PIT,@LV,FA,,,,,,,,,,,,,,,,,0.0
T.J. Carrie DB,T.J. Carrie,DB,,Bye,FA,,,,,,,,,,,,,,,,,0.0
Shyheim Carter DB - TEN,Shyheim Carter,DB,TEN,@CLE,FA,,,,,,,,,,,,,,,,,0.0
Tariq Castro-Fields DB - WAS,Tariq,Castro,Fields,BUF,FA,,,,,,,,,,,,,,,,,0.0
Anthony Chesley DB,Anthony Chesley,DB,,Bye,FA,,,,,,,,,,,,,,,,,0.0
Lewis Cine DB - MIN O View News,Lewis Cine,DB,MIN,LAC,FA,,,,,,,,,,,,,,,,,0.0
Chuck Clark DB - NYJ IR,Chuck Clark,DB,NYJ,NE,FA,,,,,,,,,,,,,,,,,0.0
Chris Claybrooks DB - JAX EXE,Chris Claybrooks,DB,JAX,HOU,FA,,,,,,,,,,,,,,,,,0.0
Adrian Colbert DB Q,Adrian Colbert DB,Q,,Bye,FA,,,,,,,,,,,,,,,,,0.0
Landon Collins DB,Landon Collins,DB,,Bye,FA,,,,,,,,,,,,,,,,,0.0
Yusuf Corker DB,Yusuf Corker,DB,,Bye,FA,,,,,,,,,,,,,,,,,0.0
Bryce Cosby DB,Bryce Cosby,DB,,Bye,FA,,,,,,,,,,,,,,,,,0.0
Tyler Coyle DB,Tyler Coyle,DB,,Bye,FA,,,,,,,,,,,,,,,,,0.0
Xavier Crawford DB,Xavier Crawford,DB,,Bye,FA,,,,,,,,,,,,,,,,,0.0
Keion Crossen DB - MIA IR,Keion Crossen,DB,MIA,DEN,FA,,,,,,,,,,,,,,,,,0.0
Marcel Dabo DB - IND,Marcel Dabo,DB,IND,@BAL,FA,,,,,,,,,,,,,,,,,0.0
Cameron Dantzler DB - NO,Cameron Dantzler,DB,NO,@GB,FA,,,,,,,,,,,,,,,,,0.0
Carlton Davis DB - TB Q View News,Carlton Davis,DB,TB,PHI,FA,,,,,,,,,,,,,,,,,0.0
Tyon Davis DB,Tyon Davis,DB,,Bye,FA,,,,,,,,,,,,,,,,,0.0
Duke Dawson DB Q,Duke Dawson DB,Q,,Bye,FA,,,,,,,,,,,,,,,,,0.0
Trevon Diggs DB - DAL IR,Trevon Diggs,DB,DAL,@ARI,FA,,,,,,,,,,,,,,,,,0.0
Myles Dorn DB Q,Myles Dorn DB,Q,,Bye,FA,,,,,,,,,,,,,,,,,0.0
Khalil Dorsey DB - DET IR,Khalil Dorsey,DB,DET,ATL,W (Oct 4),,,,,,,,,,,,,,,,,0.0
Isaiah Dunn DB,Isaiah Dunn,DB,,Bye,FA,,,,,,,,,,,,,,,,,0.0
Brandin Echols DB - NYJ,Brandin Echols,DB,NYJ,NE,FA,,,,,,,,,,,,,,,,,0.0
Kaiir Elam DB - BUF,Kaiir Elam,DB,BUF,@WAS,FA,,,,,,,,,,,,,,,,,0.0
Tino Ellis DB Q,Tino Ellis DB,Q,,Bye,FA,,,,,,,,,,,,,,,,,0.0
Brandon Facyson DB - LV IR,Brandon Facyson,DB,LV,PIT,FA,,,,,,,,,,,,,,,,,0.0
Caleb Farley DB - TEN PUP,Caleb Farley,DB,TEN,@CLE,FA,,,,,,,,,,,,,,,,,0.0
Rashad Fenton DB - ARI IR,Rashad Fenton,DB,ARI,DAL,FA,,,,,,,,,,,,,,,,,0.0
DaMarcus Fields DB,DaMarcus Fields,DB,,Bye,FA,,,,,,,,,,,,,,,,,0.0
Cordale Flott DB - NYG,Cordale Flott,DB,NYG,@SF,FA,,,,,,,,,,,,,,,,,0.0
Mike Ford DB - CLE,Mike Ford,DB,CLE,TEN,FA,,,,,,,,,,,,,,,,,0.0
Tyrell Ford DB,Tyrell Ford,DB,,Bye,FA,,,,,,,,,,,,,,,,,0.0
Jacobi Francis DB - HOU,Jacobi Francis,DB,HOU,@JAX,FA,,,,,,,,,,,,,,,,,0.0
Benjie Franklin DB,Benjie Franklin,DB,,Bye,FA,,,,,,,,,,,,,,,,,0.0
Innis Gaines DB - GB,Innis Gaines,DB,GB,NO,W (Oct 4),,,,,,,,,,,,,,,,,0.0
Don Gardner DB Q,Don Gardner DB,Q,,Bye,FA,,,,,,,,,,,,,,,,,0.0
C.J. Gardner-Johnson DB - DET,C.J.,Gardner,Johnson,ATL,W (Oct 4),,,,,,,,,,,,,,,,,0.0
Allan George DB - CIN,Allan George,DB,CIN,LA,FA,,,,,,,,,,,,,,,,,0.0
Jake Gervase DB,Jake Gervase,DB,,Bye,FA,,,,,,,,,,,,,,,,,0.0
Zyon Gilbert DB Q,Zyon Gilbert DB,Q,,Bye,FA,,,,,,,,,,,,,,,,,0.0
Tyree Gillespie DB Q,Tyree Gillespie DB,Q,,Bye,FA,,,,,,,,,,,,,,,,,0.0
Kyler Gordon DB - CHI IR,Kyler Gordon,DB,CHI,@KC,FA,,,,,,,,,,,,,,,,,0.0
Tay Gowan DB Q,Tay Gowan DB,Q,,Bye,FA,,,,,,,,,,,,,,,,,0.0
Thomas Graham Jr. DB - CLE IR,Thomas Graham Jr.,DB,CLE,TEN,FA,,,,,,,,,,,,,,,,,0.0
Vincent Gray DB,Vincent Gray,DB,,Bye,FA,,,,,,,,,,,,,,,,,0.0
A.J. Green DB - CLE,A.J. Green,DB,CLE,TEN,FA,,,,,,,,,,,,,,,,,0.0
Javelin Guidry DB - NYJ IR,Javelin Guidry,DB,NYJ,NE,FA,,,,,,,,,,,,,,,,,0.0
Nate Hairston DB,Nate Hairston,DB,,Bye,FA,,,,,,,,,,,,,,,,,0.0
Bryce Hall DB - NYJ,Bryce Hall,DB,NYJ,NE,FA,,,,,,,,,,,,,,,,,0.0
Darren Hall DB - IND,Darren Hall,DB,IND,@BAL,FA,,,,,,,,,,,,,,,,,0.0
Kemon Hall DB Q,Kemon Hall DB,Q,,Bye,FA,,,,,,,,,,,,,,,,,0.0
Tyler Hall DB - LV,Tyler Hall,DB,LV,PIT,FA,,,,,,,,,,,,,,,,,0.0
Antonio Hamilton DB - ARI,Antonio Hamilton,DB,ARI,DAL,FA,,,,,,,,,,,,,,,,,0.0
Damar Hamlin DB - BUF,Damar Hamlin,DB,BUF,@WAS,dirty birds,,,,,,,,,,,,,,,,,0.0
Matt Hankins DB - LAC,Matt Hankins,DB,LAC,@MIN,FA,,,,,,,,,,,,,,,,,0.0
Madre Harper DB,Madre Harper,DB,,Bye,FA,,,,,,,,,,,,,,,,,0.0
Chris Harris DB,Chris Harris,DB,,Bye,FA,,,,,,,,,,,,,,,,,0.0
Davontae Harris DB,Davontae Harris,DB,,Bye,FA,,,,,,,,,,,,,,,,,0.0
Will Harris DB - DET,Will Harris,DB,DET,ATL,W (Oct 4),,,,,,,,,,,,,,,,,0.0
Myles Hartsfield DB,Myles Hartsfield,DB,,Bye,FA,,,,,,,,,,,,,,,,,0.0
Brad Hawkins DB,Brad Hawkins,DB,,Bye,FA,,,,,,,,,,,,,,,,,0.0
Tayler Hawkins DB Q,Tayler Hawkins DB,Q,,Bye,FA,,,,,,,,,,,,,,,,,0.0
Faion Hicks DB - NO,Faion Hicks,DB,NO,@GB,FA,,,,,,,,,,,,,,,,,0.0
Delonte Hood DB,Delonte Hood,DB,,Bye,FA,,,,,,,,,,,,,,,,,0.0
Jaycee Horn DB - CAR IR,Jaycee Horn,DB,CAR,@SEA,FA,,,,,,,,,,,,,,,,,0.0
JuJu Hughes DB,JuJu Hughes,DB,,Bye,FA,,,,,,,,,,,,,,,,,0.0
Noah Igbinoghene DB - DAL,Noah Igbinoghene,DB,DAL,@ARI,FA,,,,,,,,,,,,,,,,,0.0
Tanner Ingle DB - LA,Tanner Ingle,DB,LA,@CIN,FA,,,,,,,,,,,,,,,,,0.0
Ja'Marcus Ingram DB - BUF,Ja'Marcus Ingram,DB,BUF,@WAS,FA,,,,,,,,,,,,,,,,,0.0
Chris Jackson DB,Chris Jackson,DB,,Bye,FA,,,,,,,,,,,,,,,,,0.0
Eddie Jackson DB - CHI O View News,Eddie Jackson,DB,CHI,@KC,Bad Wildcats Hunschat,,,,,,,,,,,,,,,,,0.0
J.C. Jackson DB - LAC View News,J.C. Jackson,DB,LAC,@MIN,FA,,,,,,,,,,,,,,,,,0.0
Michael Jacquet DB,Michael Jacquet,DB,,Bye,FA,,,,,,,,,,,,,,,,,0.0
Craig James DB,Craig James,DB,,Bye,FA,,,,,,,,,,,,,,,,,0.0
Shemar Jean-Charles DB - SF,Shemar,Jean,Charles,NYG,FA,,,,,,,,,,,,,,,,,0.0
Danny Johnson DB - WAS,Danny Johnson,DB,WAS,BUF,FA,,,,,,,,,,,,,,,,,0.0
Jaquan Johnson DB,Jaquan Johnson,DB,,Bye,FA,,,,,,,,,,,,,,,,,0.0
John Johnson DB - LA Q,John Johnson,DB,LA,@CIN,FA,,,,,,,,,,,,,,,,,0.0
Leonard Johnson DB,Leonard Johnson,DB,,Bye,FA,,,,,,,,,,,,,,,,,0.0
Nazeeh Johnson DB - KC IR,Nazeeh Johnson,DB,KC,CHI,FA,,,,,,,,,,,,,,,,,0.0
Shaun Jolly DB Q,Shaun Jolly DB,Q,,Bye,FA,,,,,,,,,,,,,,,,,0.0
Jack Jones DB - NE IR,Jack Jones,DB,NE,@NYJ,FA,,,,,,,,,,,,,,,,,0.0
Jonathan Jones DB - NE Q View News,Jonathan Jones,DB,NE,@NYJ,Bad Wildcats Hunschat,,,,,,,,,,,,,,,,,0.0
Jordan Jones DB,Jordan Jones,DB,,Bye,FA,,,,,,,,,,,,,,,,,0.0
Marcus Jones DB - NE IR,Marcus Jones,DB,NE,@NYJ,FA,,,,,,,,,,,,,,,,,0.0
Nic Jones DB - KC,Nic Jones,DB,KC,CHI,FA,,,,,,,,,,,,,,,,,0.0
Sidney Jones DB - CIN,Sidney Jones,DB,CIN,LA,FA,,,,,,,,,,,,,,,,,0.0
Kerby Joseph DB - DET IA,Kerby Joseph,DB,DET,ATL,Boppard Raiders,,,,,,,,,,,,,,,,,0.0
Gregory Junior DB - JAX IR,Gregory Junior,DB,JAX,HOU,FA,,,,,,,,,,,,,,,,,0.0
Kyu Kelly DB - SEA,Kyu Kelly,DB,SEA,CAR,FA,,,,,,,,,,,,,,,,,0.0
Devon Key DB - DEN,Devon Key,DB,DEN,@MIA,FA,,,,,,,,,,,,,,,,,0.0
Desmond King DB - PIT,Desmond King,DB,PIT,@LV,FA,,,,,,,,,,,,,,,,,0.0
Qwuantrezz Knight DB - ARI,Qwuantrezz Knight,DB,ARI,DAL,FA,,,,,,,,,,,,,,,,,0.0
Dallin Leavitt DB - GB,Dallin Leavitt,DB,GB,NO,W (Oct 4),,,,,,,,,,,,,,,,,0.0
Richard LeCounte DB - TB,Richard LeCounte,DB,TB,PHI,FA,,,,,,,,,,,,,,,,,0.0
Deane Leonard DB - LAC D View News,Deane Leonard,DB,LAC,@MIN,FA,,,,,,,,,,,,,,,,,0.0
P.J. Locke DB - DEN IR,P.J. Locke,DB,DEN,@MIA,FA,,,,,,,,,,,,,,,,,0.0
David Long DB - LV,David Long,DB,LV,PIT,FA,,,,,,,,,,,,,,,,,0.0
Duron Lowe DB,Duron Lowe,DB,,Bye,FA,,,,,,,,,,,,,,,,,0.0
Chase Lucas DB - DET Q,Chase Lucas,DB,DET,ATL,W (Oct 4),,,,,,,,,,,,,,,,,0.0
Darrell Luter Jr. DB - SF PUP,Darrell Luter Jr.,DB,SF,NYG,FA,,,,,,,,,,,,,,,,,0.0
Dylan Mabin DB,Dylan Mabin,DB,,Bye,FA,,,,,,,,,,,,,,,,,0.0
Greg Mabin DB,Greg Mabin,DB,,Bye,FA,,,,,,,,,,,,,,,,,0.0
Avonte Maddox DB - PHI IR,Avonte Maddox,DB,PHI,@TB,FA,,,,,,,,,,,,,,,,,0.0
Jartavius Martin DB - WAS,Jartavius Martin,DB,WAS,BUF,FA,,,,,,,,,,,,,,,,,0.0
Christian Matthew DB - ARI,Christian Matthew,DB,ARI,DAL,FA,,,,,,,,,,,,,,,,,0.0
Arthur Maulet DB - BAL,Arthur Maulet,DB,BAL,IND,FA,,,,,,,,,,,,,,,,,0.0
Jared Mayden DB,Jared Mayden,DB,,Bye,FA,,,,,,,,,,,,,,,,,0.0
Marcus Maye DB - NO SUS,Marcus Maye,DB,NO,@GB,Koblenz 87ers,,,,,,,,,,,,,,,,,0.0
Bobby McCain DB - NYG,Bobby McCain,DB,NYG,@SF,FA,,,,,,,,,,,,,,,,,0.0
Mac McCain III DB Q,Mac McCain III DB,Q,,Bye,FA,,,,,,,,,,,,,,,,,0.0
Nick McCloud DB - NYG,Nick McCloud,DB,NYG,@SF,FA,,,,,,,,,,,,,,,,,0.0
Tristin McCollum DB - PHI,Tristin McCollum,DB,PHI,@TB,FA,,,,,,,,,,,,,,,,,0.0
Verone McKinley III DB - MIA,Verone McKinley III,DB,MIA,DEN,FA,,,,,,,,,,,,,,,,,0.0
Kyler McMichael DB - ARI IR,Kyler McMichael,DB,ARI,DAL,FA,,,,,,,,,,,,,,,,,0.0
Ja'Quan McMillian DB - DEN,Ja'Quan McMillian,DB,DEN,@MIA,FA,,,,,,,,,,,,,,,,,0.0
Herb Miller DB,Herb Miller,DB,,Bye,FA,,,,,,,,,,,,,,,,,0.0
Jalen Mills DB - NE,Jalen Mills,DB,NE,@NYJ,FA,,,,,,,,,,,,,,,,,0.0
Smoke Monday DB,Smoke Monday,DB,,Bye,FA,,,,,,,,,,,,,,,,,0.0
Tarvarius Moore DB Q,Tarvarius Moore DB,Q,,Bye,FA,,,,,,,,,,,,,,,,,0.0
Jimmy Moreland DB Q,Jimmy Moreland DB,Q,,Bye,FA,,,,,,,,,,,,,,,,,0.0
Emmanuel Moseley DB - DET IA,Emmanuel Moseley,DB,DET,ATL,W (Oct 4),,,,,,,,,,,,,,,,,0.0
Quandre Mosely DB,Quandre Mosely,DB,,Bye,FA,,,,,,,,,,,,,,,,,0.0
Riley Moss DB - DEN,Riley Moss,DB,DEN,@MIA,FA,,,,,,,,,,,,,,,,,0.0
Israel Mukuamu DB - DAL,Israel Mukuamu,DB,DAL,@ARI,FA,,,,,,,,,,,,,,,,,0.0
Trayvon Mullen DB - BAL NFI-R,Trayvon Mullen,DB,BAL,IND,FA,,,,,,,,,,,,,,,,,0.0
Nik Needham DB - MIA PUP,Nik Needham,DB,MIA,DEN,FA,,,,,,,,,,,,,,,,,0.0
Scott Nelson DB,Scott Nelson,DB,,Bye,FA,,,,,,,,,,,,,,,,,0.0
Greg Newsome II DB - CLE,Greg Newsome II,DB,CLE,TEN,FA,,,,,,,,,,,,,,,,,0.0
Tre Norwood DB - SF,Tre Norwood,DB,SF,NYG,FA,,,,,,,,,,,,,,,,,0.0
Michael Ojemudia DB - LA,Michael Ojemudia,DB,LA,@CIN,FA,,,,,,,,,,,,,,,,,0.0
Jeff Okudah DB - ATL,Jeff Okudah,DB,ATL,@DET,FA,,,,,,,,,,,,,,,,,0.0
Amani Oruwariye DB - NYG Q,Amani Oruwariye,DB,NYG,@SF,FA,,,,,,,,,,,,,,,,,0.0
Jonathan Owens DB - GB,Jonathan Owens,DB,GB,NO,W (Oct 4),,,,,,,,,,,,,,,,,0.0
Ayo Oyelola DB - JAX,Ayo Oyelola,DB,JAX,HOU,FA,,,,,,,,,,,,,,,,,0.0
AJ Parker DB,AJ Parker,DB,,Bye,FA,,,,,,,,,,,,,,,,,0.0
Will Parks DB,Will Parks,DB,,Bye,FA,,,,,,,,,,,,,,,,,0.0
Jamal Peters DB,Jamal Peters,DB,,Bye,FA,,,,,,,,,,,,,,,,,0.0
Clark Phillips III DB - ATL,Clark Phillips III,DB,ATL,@DET,FA,,,,,,,,,,,,,,,,,0.0
Darius Phillips DB - DET,Darius Phillips,DB,DET,ATL,W (Oct 4),,,,,,,,,,,,,,,,,0.0
James Pierre DB - PIT,James Pierre,DB,PIT,@LV,FA,,,,,,,,,,,,,,,,,0.0
Isaiah Pola-Mao DB - LV,Isaiah,Pola,Mao,PIT,FA,,,,,,,,,,,,,,,,,0.0
Bobby Price DB - ARI,Bobby Price,DB,ARI,DAL,FA,,,,,,,,,,,,,,,,,0.0
Troy Pride DB - LV,Troy Pride,DB,LV,PIT,FA,,,,,,,,,,,,,,,,,0.0
Jalen Ramsey DB - MIA IR,Jalen Ramsey,DB,MIA,DEN,FA,,,,,,,,,,,,,,,,,0.0
Rodney Randle DB,Rodney Randle,DB,,Bye,FA,,,,,,,,,,,,,,,,,0.0
Sheldrick Redwine DB - DAL,Sheldrick Redwine,DB,DAL,@ARI,FA,,,,,,,,,,,,,,,,,0.0
John Reid DB,John Reid,DB,,Bye,FA,,,,,,,,,,,,,,,,,0.0
Elijah Riley DB - PIT,Elijah Riley,DB,PIT,@LV,FA,,,,,,,,,,,,,,,,,0.0
Kelee Ringo DB - PHI,Kelee Ringo,DB,PHI,@TB,FA,,,,,,,,,,,,,,,,,0.0
Amik Robertson DB - LV,Amik Robertson,DB,LV,PIT,FA,,,,,,,,,,,,,,,,,0.0
Aaron Robinson DB - NYG PUP,Aaron Robinson,DB,NYG,@SF,FA,,,,,,,,,,,,,,,,,0.0
Kenny Robinson DB,Kenny Robinson,DB,,Bye,FA,,,,,,,,,,,,,,,,,0.0
Robert Rochell DB - CAR,Robert Rochell,DB,CAR,@SEA,FA,,,,,,,,,,,,,,,,,0.0
Isaiah Rodgers DB - PHI SUS,Isaiah Rodgers,DB,PHI,@TB,FA,,,,,,,,,,,,,,,,,0.0
D'Angelo Ross DB - HOU,D'Angelo Ross,DB,HOU,@JAX,FA,,,,,,,,,,,,,,,,,0.0
Eric Rowe DB,Eric Rowe,DB,,Bye,FA,,,,,,,,,,,,,,,,,0.0
Darius Rush DB - KC,Darius Rush,DB,KC,CHI,FA,,,,,,,,,,,,,,,,,0.0
Eric Scott Jr. DB - DAL,Eric Scott Jr.,DB,DAL,@ARI,FA,,,,,,,,,,,,,,,,,0.0
Josiah Scott DB - PIT O,Josiah Scott,DB,PIT,@LV,FA,,,,,,,,,,,,,,,,,0.0
Kevon Seymour DB - BAL,Kevon Seymour,DB,BAL,IND,FA,,,,,,,,,,,,,,,,,0.0
Kendall Sheffield DB - SF,Kendall Sheffield,DB,SF,NYG,FA,,,,,,,,,,,,,,,,,0.0
Duke Shelley DB - LA,Duke Shelley,DB,LA,@CIN,FA,,,,,,,,,,,,,,,,,0.0
Justin Simmons DB - DEN Q View News,Justin Simmons,DB,DEN,@MIA,Washington Fantasy Team,,,,,,,,,,,,,,,,,0.0
Cam Smith DB - MIA,Cam Smith,DB,MIA,DEN,FA,,,,,,,,,,,,,,,,,0.0
Caden Sterns DB - DEN IR,Caden Sterns,DB,DEN,@MIA,FA,,,,,,,,,,,,,,,,,0.0
Derek Stingley Jr. DB - HOU IR,Derek Stingley Jr.,DB,HOU,@JAX,FA,,,,,,,,,,,,,,,,,0.0
Eric Stokes DB - GB PUP,Eric Stokes,DB,GB,NO,W (Oct 4),,,,,,,,,,,,,,,,,0.0
Chandon Sullivan DB - PIT,Chandon Sullivan,DB,PIT,@LV,FA,,,,,,,,,,,,,,,,,0.0
Tre Swilling DB,Tre Swilling,DB,,Bye,FA,,,,,,,,,,,,,,,,,0.0
Keith Taylor DB - KC,Keith Taylor,DB,KC,CHI,FA,,,,,,,,,,,,,,,,,0.0
Marvell Tell DB Q,Marvell Tell DB,Q,,Bye,FA,,,,,,,,,,,,,,,,,0.0
A.J. Thomas DB - CHI,A.J. Thomas,DB,CHI,@KC,FA,,,,,,,,,,,,,,,,,0.0
Ambry Thomas DB - SF View News,Ambry Thomas,DB,SF,NYG,FA,,,,,,,,,,,,,,,,,0.0
Josh Thomas DB,Josh Thomas,DB,,Bye,FA,,,,,,,,,,,,,,,,,0.0
Juanyeh Thomas DB - DAL,Juanyeh Thomas,DB,DAL,@ARI,FA,,,,,,,,,,,,,,,,,0.0
Kiondre Thomas DB - GB,Kiondre Thomas,DB,GB,NO,W (Oct 4),,,,,,,,,,,,,,,,,0.0
Tavierre Thomas DB - HOU O View News,Tavierre Thomas,DB,HOU,@JAX,FA,,,,,,,,,,,,,,,,,0.0
Stantley Thomas-Oliver DB Q,Stantley,Thomas,Oliver,Bye,FA,,,,,,,,,,,,,,,,,0.0
Deionte Thompson DB,Deionte Thompson,DB,,Bye,FA,,,,,,,,,,,,,,,,,0.0
Josh Thompson DB Q,Josh Thompson DB,Q,,Bye,FA,,,,,,,,,,,,,,,,,0.0
Trenton Thompson DB - PIT,Trenton Thompson,DB,PIT,@LV,FA,,,,,,,,,,,,,,,,,0.0
Kevin Toliver DB,Kevin Toliver,DB,,Bye,FA,,,,,,,,,,,,,,,,,0.0
Cory Trice Jr. DB - PIT IR,Cory Trice Jr.,DB,PIT,@LV,FA,,,,,,,,,,,,,,,,,0.0
Nolan Turner DB,Nolan Turner,DB,,Bye,FA,,,,,,,,,,,,,,,,,0.0
Kindle Vildor DB - TEN,Kindle Vildor,DB,TEN,@CLE,FA,,,,,,,,,,,,,,,,,0.0
Jay Ward DB - MIN,Jay Ward,DB,MIN,LAC,FA,,,,,,,,,,,,,,,,,0.0
Ar'Darius Washington DB - BAL IR,Ar'Darius Washington,DB,BAL,IND,FA,,,,,,,,,,,,,,,,,0.0
Sterling Weatherford DB Q,Sterling Weatherford DB,Q,,Bye,FA,,,,,,,,,,,,,,,,,0.0
Mark Webb DB,Mark Webb,DB,,Bye,FA,,,,,,,,,,,,,,,,,0.0
Sam Webb DB - CAR,Sam Webb,DB,CAR,@SEA,FA,,,,,,,,,,,,,,,,,0.0
Jace Whittaker DB,Jace Whittaker,DB,,Bye,FA,,,,,,,,,,,,,,,,,0.0
James Wiggins DB,James Wiggins,DB,,Bye,FA,,,,,,,,,,,,,,,,,0.0
Chris Wilcox DB - LAC,Chris Wilcox,DB,LAC,@MIN,FA,,,,,,,,,,,,,,,,,0.0
Damarion Williams DB - BAL IR,Damarion Williams,DB,BAL,IND,FA,,,,,,,,,,,,,,,,,0.0
Garrett Williams DB - ARI NFI-A,Garrett Williams,DB,ARI,DAL,FA,,,,,,,,,,,,,,,,,0.0
Greedy Williams DB,Greedy Williams,DB,,Bye,FA,,,,,,,,,,,,,,,,,0.0
Jarren Williams DB Q,Jarren Williams DB,Q,,Bye,FA,,,,,,,,,,,,,,,,,0.0
Joejuan Williams DB - CHI,Joejuan Williams,DB,CHI,@KC,FA,,,,,,,,,,,,,,,,,0.0
K'Waun Williams DB - DEN IR,K'Waun Williams,DB,DEN,@MIA,FA,,,,,,,,,,,,,,,,,0.0
Marcus Williams DB - BAL Q View News,Marcus Williams,DB,BAL,IND,FA,,,,,,,,,,,,,,,,,0.0
Rodarius Williams DB,Rodarius Williams,DB,,Bye,FA,,,,,,,,,,,,,,,,,0.0
Brandon Wilson DB,Brandon Wilson,DB,,Bye,FA,,,,,,,,,,,,,,,,,0.0
Samuel Womack DB - SF IR,Samuel Womack,DB,SF,NYG,FA,,,,,,,,,,,,,,,,,0.0
Jaiden Woodbey DB,Jaiden Woodbey,DB,,Bye,FA,,,,,,,,,,,,,,,,,0.0
Tariq Woolen DB - SEA,Tariq Woolen,DB,SEA,CAR,Slay,,,,,,,,,,,,,,,,,0.0
Nahshon Wright DB - DAL IR,Nahshon Wright,DB,DAL,@ARI,FA,,,,,,,,,,,,,,,,,0.0
